"PROMOTION_ID","DISCOUNT","END_DATE","START_DATE","PRODUCT_ID","SUPERMARKET_ID"
"1","0.94","2016-05-16","2016-04-27","1","9"
"2","0.53","2016-09-06","2016-08-18","2","14"
"3","0.54","2016-06-11","2016-05-18","2","18"
"4","0.36","2016-09-07","2016-08-12","2","21"
"5","0.64","2016-11-05","2016-10-16","3","2"
"6","0.86","2016-11-07","2016-10-18","4","17"
"7","0.32","2016-05-01","2016-04-13","5","3"
"8","0.68","2016-05-23","2016-04-29","5","10"
"9","0.47","2016-06-24","2016-06-15","5","13"
"10","0.67","2016-04-30","2016-04-20","6","18"
"11","0.57","2016-07-20","2016-07-10","7","9"
"12","0.63","2016-07-22","2016-07-05","8","6"
"13","0.77","2016-08-24","2016-08-02","8","18"
"14","0.57","2016-11-14","2016-10-19","9","5"
"15","0.3","2016-05-13","2016-04-14","10","1"
"16","0.76","2016-07-26","2016-07-08","10","8"
"17","0.51","2016-08-16","2016-08-05","11","8"
"18","0.83","2016-05-28","2016-05-18","11","10"
"19","0.59","2016-11-13","2016-10-20","11","14"
"20","0.53","2016-10-28","2016-10-18","11","18"
"21","0.83","2016-07-04","2016-06-10","12","3"
"22","0.71","2016-08-27","2016-07-30","12","5"
"23","0.54","2016-06-20","2016-06-13","14","2"
"24","0.55","2016-06-21","2016-05-28","14","18"
"25","0.43","2016-09-27","2016-09-20","15","11"
"26","0.62","2016-09-19","2016-08-31","15","19"
"27","0.75","2016-05-09","2016-05-01","16","8"
"28","0.71","2016-11-15","2016-10-18","16","14"
"29","0.35","2016-05-12","2016-04-30","17","9"
"30","0.7","2016-05-20","2016-05-03","17","14"
"31","0.58","2016-11-12","2016-10-27","19","5"
"32","0.81","2016-07-21","2016-07-06","19","9"
"33","0.36","2016-07-13","2016-06-16","19","12"
"34","0.63","2016-08-31","2016-08-18","19","20"
"35","0.92","2016-10-14","2016-09-19","20","2"
"36","0.78","2016-11-01","2016-10-10","20","10"
"37","0.74","2016-05-18","2016-04-26","20","12"
"38","0.62","2016-06-29","2016-06-16","21","7"
"39","0.57","2016-08-03","2016-07-22","21","11"
"40","0.67","2016-09-20","2016-09-10","21","16"
"41","0.88","2016-06-11","2016-05-29","22","13"
"42","0.9","2016-05-01","2016-04-23","22","21"
"43","0.89","2016-05-19","2016-04-20","23","10"
"44","0.75","2016-09-26","2016-09-08","23","18"
"45","0.46","2016-07-22","2016-07-15","24","2"
"46","0.79","2016-10-16","2016-10-02","24","12"
"47","0.79","2016-05-29","2016-05-20","25","4"
"48","0.64","2016-11-09","2016-10-19","25","13"
"49","0.71","2016-06-23","2016-06-06","25","15"
"50","0.51","2016-05-14","2016-04-17","26","4"
"51","0.71","2016-08-02","2016-07-26","27","5"
"52","0.55","2016-09-07","2016-08-12","27","17"
"53","0.5","2016-09-28","2016-09-07","29","3"
"54","0.4","2016-10-11","2016-09-26","29","13"
"55","0.39","2016-11-17","2016-10-20","30","14"
"56","0.46","2016-07-31","2016-07-02","30","17"
"57","0.5","2016-08-21","2016-08-04","32","9"
"58","0.84","2016-08-13","2016-07-15","33","8"
"59","0.87","2016-07-10","2016-06-27","33","10"
"60","0.78","2016-07-07","2016-06-13","33","12"
"61","0.36","2016-07-21","2016-06-26","35","21"
"62","0.95","2016-07-16","2016-06-28","36","20"
"63","0.65","2016-05-07","2016-04-30","38","17"
"64","0.82","2016-09-03","2016-08-13","38","20"
"65","0.76","2016-10-10","2016-09-11","38","21"
"66","0.42","2016-09-07","2016-08-18","39","8"
"67","0.78","2016-09-23","2016-09-05","39","10"
"68","0.54","2016-09-04","2016-08-21","39","16"
"69","0.71","2016-06-22","2016-06-06","39","19"
"70","0.85","2016-08-05","2016-07-12","40","15"
"71","0.87","2016-06-08","2016-05-15","41","3"
"72","0.35","2016-08-07","2016-07-12","41","15"
"73","0.58","2016-07-19","2016-06-27","42","14"
"74","0.36","2016-08-17","2016-07-29","42","18"
"75","0.44","2016-06-01","2016-05-24","44","5"
"76","0.94","2016-07-23","2016-07-13","45","1"
"77","0.54","2016-10-01","2016-09-20","45","5"
"78","0.41","2016-06-29","2016-06-04","45","11"
"79","0.87","2016-09-12","2016-09-05","45","17"
"80","0.42","2016-05-04","2016-04-15","47","2"
"81","0.3","2016-10-27","2016-10-18","47","11"
"82","0.35","2016-05-25","2016-05-13","48","17"
"83","0.36","2016-08-20","2016-07-22","48","19"
"84","0.69","2016-09-03","2016-08-21","49","16"
"85","0.44","2016-11-02","2016-10-09","50","1"
"86","0.7","2016-07-17","2016-07-05","50","3"
"87","0.66","2016-09-06","2016-08-12","50","14"
"88","0.37","2016-10-04","2016-09-13","50","17"
"89","0.89","2016-10-12","2016-09-13","52","2"
"90","0.74","2016-11-04","2016-10-22","52","5"
"91","0.87","2016-05-13","2016-05-02","53","7"
"92","0.7","2016-10-17","2016-10-06","53","10"
"93","0.67","2016-10-10","2016-09-25","53","13"
"94","0.54","2016-11-11","2016-10-20","53","19"
"95","0.44","2016-06-17","2016-06-06","54","4"
"96","0.65","2016-11-03","2016-10-16","54","16"
"97","0.87","2016-07-19","2016-07-01","55","5"
"98","0.78","2016-04-22","2016-04-13","56","5"
"99","0.92","2016-07-15","2016-06-23","56","9"
"100","0.51","2016-08-08","2016-07-30","57","11"
"101","0.83","2016-11-12","2016-10-15","57","13"
"102","0.7","2016-05-12","2016-04-18","57","15"
"103","0.93","2016-05-09","2016-04-29","57","16"
"104","0.46","2016-10-10","2016-09-28","58","1"
"105","0.5","2016-09-23","2016-09-10","59","2"
"106","0.54","2016-05-24","2016-05-03","60","4"
"107","0.32","2016-08-27","2016-08-12","60","5"
"108","0.95","2016-06-15","2016-05-25","61","9"
"109","0.49","2016-06-02","2016-05-17","61","13"
"110","0.76","2016-09-10","2016-08-25","62","5"
"111","0.57","2016-09-19","2016-09-01","62","18"
"112","0.32","2016-11-08","2016-10-23","63","3"
"113","0.86","2016-05-15","2016-05-06","63","17"
"114","0.81","2016-05-04","2016-04-15","64","13"
"115","0.35","2016-10-03","2016-09-22","65","4"
"116","0.47","2016-10-31","2016-10-05","65","13"
"117","0.59","2016-05-17","2016-04-23","65","19"
"118","0.53","2016-08-17","2016-08-01","67","18"
"119","0.97","2016-07-18","2016-07-01","68","9"
"120","0.98","2016-07-22","2016-07-05","68","20"
"121","0.63","2016-06-07","2016-05-31","69","3"
"122","0.44","2016-08-03","2016-07-22","69","12"
"123","0.82","2016-10-14","2016-10-05","70","1"
"124","0.67","2016-05-13","2016-05-01","70","9"
"125","0.32","2016-05-08","2016-04-26","71","11"
"126","0.48","2016-11-23","2016-10-29","71","13"
"127","0.51","2016-07-04","2016-06-14","71","16"
"128","0.45","2016-07-20","2016-07-06","72","7"
"129","0.93","2016-07-21","2016-07-11","73","1"
"130","0.77","2016-07-11","2016-07-01","73","14"
"131","0.55","2016-07-19","2016-07-09","74","7"
"132","0.45","2016-11-12","2016-10-29","75","6"
"133","0.89","2016-05-08","2016-04-30","76","15"
"134","0.71","2016-11-05","2016-10-10","78","8"
"135","0.61","2016-11-12","2016-10-15","79","11"
"136","0.89","2016-07-16","2016-06-24","80","6"
"137","0.47","2016-08-24","2016-08-06","80","7"
"138","0.45","2016-05-22","2016-05-05","81","1"
"139","0.7","2016-06-11","2016-05-18","81","11"
"140","0.32","2016-07-24","2016-07-09","81","17"
"141","0.74","2016-07-09","2016-06-14","82","1"
"142","0.83","2016-08-31","2016-08-20","82","11"
"143","0.96","2016-10-29","2016-10-01","82","12"
"144","0.46","2016-11-03","2016-10-15","83","5"
"145","0.45","2016-06-12","2016-05-17","83","13"
"146","0.83","2016-10-02","2016-09-24","84","1"
"147","0.51","2016-10-09","2016-09-23","84","18"
"148","0.47","2016-10-28","2016-10-18","85","14"
"149","0.48","2016-11-19","2016-10-28","85","15"
"150","0.31","2016-09-07","2016-08-25","85","17"
"151","0.88","2016-11-05","2016-10-12","87","12"
"152","0.74","2016-08-16","2016-08-05","88","4"
"153","0.7","2016-06-23","2016-06-03","88","11"
"154","0.44","2016-06-18","2016-06-11","89","1"
"155","0.65","2016-07-09","2016-06-27","89","6"
"156","0.8","2016-11-04","2016-10-13","89","16"
"157","0.89","2016-04-25","2016-04-18","90","9"
"158","0.57","2016-11-04","2016-10-09","90","13"
"159","0.8","2016-05-28","2016-05-06","90","15"
"160","0.85","2016-06-08","2016-05-27","91","19"
"161","0.73","2016-06-28","2016-06-17","91","21"
"162","0.39","2016-05-13","2016-04-25","93","1"
"163","0.86","2016-10-03","2016-09-06","94","6"
"164","0.91","2016-07-10","2016-06-24","94","14"
"165","0.48","2016-09-27","2016-09-15","95","6"
"166","0.35","2016-10-14","2016-09-23","95","17"
"167","0.91","2016-08-13","2016-07-27","96","14"
"168","0.78","2016-11-19","2016-10-29","96","18"
"169","0.36","2016-09-24","2016-08-28","97","5"
"170","0.61","2016-09-17","2016-08-27","99","20"
"171","0.53","2016-09-05","2016-08-26","100","6"
"172","0.94","2016-04-29","2016-04-22","100","16"
"173","0.82","2016-05-15","2016-04-16","102","4"
"174","0.96","2016-08-21","2016-08-11","102","5"
"175","0.39","2016-05-22","2016-05-14","102","11"
"176","0.56","2016-06-05","2016-05-28","102","13"
"177","0.51","2016-09-01","2016-08-20","102","17"
"178","0.34","2016-07-12","2016-06-28","102","19"
"179","0.48","2016-08-03","2016-07-14","102","21"
"180","0.78","2016-08-23","2016-07-27","103","2"
"181","0.39","2016-06-07","2016-05-25","103","19"
"182","0.62","2016-10-10","2016-10-03","104","8"
"183","0.97","2016-06-13","2016-05-31","104","13"
"184","0.9","2016-08-02","2016-07-14","105","18"
"185","0.7","2016-10-01","2016-09-19","106","9"
"186","0.48","2016-06-10","2016-05-23","106","12"
"187","0.53","2016-04-30","2016-04-22","107","2"
"188","0.63","2016-09-15","2016-08-29","107","8"
"189","0.41","2016-07-23","2016-07-07","107","14"
"190","0.47","2016-07-06","2016-06-07","107","21"
"191","0.47","2016-06-09","2016-05-30","108","5"
"192","0.88","2016-10-14","2016-10-04","108","6"
"193","0.46","2016-10-16","2016-10-03","108","17"
"194","0.61","2016-11-16","2016-10-21","109","14"
"195","0.3","2016-08-14","2016-07-29","109","16"
"196","0.58","2016-05-02","2016-04-22","109","21"
"197","0.58","2016-08-03","2016-07-21","110","20"
"198","0.51","2016-06-19","2016-06-04","111","10"
"199","0.41","2016-06-05","2016-05-24","113","2"
"200","0.63","2016-08-18","2016-08-06","113","17"
"201","0.56","2016-09-09","2016-08-15","113","18"
"202","0.81","2016-11-07","2016-10-28","113","19"
"203","0.66","2016-06-26","2016-06-15","114","3"
"204","0.59","2016-11-12","2016-10-22","114","9"
"205","0.56","2016-05-23","2016-05-07","115","5"
"206","0.44","2016-11-24","2016-10-26","115","6"
"207","0.56","2016-08-18","2016-08-03","115","7"
"208","0.49","2016-06-01","2016-05-06","115","15"
"209","0.9","2016-07-20","2016-07-10","115","18"
"210","0.86","2016-10-14","2016-09-23","116","13"
"211","0.6","2016-11-21","2016-10-24","116","14"
"212","0.38","2016-07-08","2016-06-12","117","3"
"213","0.95","2016-10-22","2016-10-09","118","15"
"214","0.78","2016-07-30","2016-07-11","118","19"
"215","0.93","2016-11-24","2016-10-27","119","13"
"216","0.34","2016-09-04","2016-08-09","119","17"
"217","0.7","2016-10-14","2016-09-19","120","7"
"218","0.9","2016-08-28","2016-08-11","121","14"
"219","0.81","2016-07-24","2016-07-07","122","8"
"220","0.44","2016-06-17","2016-06-02","123","3"
"221","0.58","2016-08-03","2016-07-11","123","6"
"222","0.63","2016-08-22","2016-07-25","123","13"
"223","0.75","2016-08-23","2016-08-02","124","1"
"224","0.35","2016-09-25","2016-09-16","124","20"
"225","0.47","2016-09-23","2016-09-01","125","7"
"226","0.67","2016-05-30","2016-05-20","125","16"
"227","0.93","2016-07-23","2016-06-25","125","18"
"228","0.92","2016-05-24","2016-05-12","127","1"
"229","0.38","2016-08-06","2016-07-19","127","7"
"230","0.39","2016-07-01","2016-06-22","128","13"
"231","0.61","2016-06-29","2016-06-04","129","6"
"232","0.64","2016-10-18","2016-10-11","130","7"
"233","0.68","2016-11-12","2016-10-23","131","19"
"234","0.62","2016-09-18","2016-08-30","132","4"
"235","0.91","2016-07-18","2016-06-24","132","5"
"236","0.94","2016-08-13","2016-08-04","132","7"
"237","0.77","2016-10-14","2016-10-05","132","8"
"238","0.77","2016-09-16","2016-09-05","132","9"
"239","0.76","2016-09-26","2016-09-09","132","13"
"240","0.54","2016-07-23","2016-07-10","132","21"
"241","0.62","2016-07-25","2016-07-04","133","1"
"242","0.39","2016-08-21","2016-08-03","133","2"
"243","0.41","2016-11-01","2016-10-10","133","18"
"244","0.68","2016-06-19","2016-06-08","134","2"
"245","0.55","2016-07-01","2016-06-03","134","6"
"246","0.97","2016-07-06","2016-06-27","134","12"
"247","0.84","2016-07-18","2016-06-30","134","18"
"248","0.52","2016-09-13","2016-08-18","135","16"
"249","0.43","2016-05-17","2016-04-19","136","11"
"250","0.63","2016-10-21","2016-10-09","137","10"
"251","0.53","2016-07-17","2016-06-18","137","14"
"252","0.54","2016-08-10","2016-07-28","137","16"
"253","0.53","2016-07-03","2016-06-09","137","18"
"254","0.69","2016-07-31","2016-07-19","138","4"
"255","0.97","2016-05-10","2016-04-19","138","15"
"256","0.34","2016-09-02","2016-08-14","139","7"
"257","0.69","2016-05-14","2016-05-05","139","12"
"258","0.71","2016-06-15","2016-05-24","139","19"
"259","0.89","2016-05-16","2016-04-19","140","3"
"260","0.62","2016-09-20","2016-08-24","140","14"
"261","0.96","2016-08-23","2016-07-27","140","19"
"262","0.79","2016-06-17","2016-06-05","141","2"
"263","0.88","2016-10-11","2016-09-12","141","8"
"264","0.53","2016-10-04","2016-09-17","141","13"
"265","0.33","2016-09-22","2016-09-15","142","3"
"266","0.48","2016-06-13","2016-06-01","142","4"
"267","0.39","2016-10-17","2016-10-04","142","6"
"268","0.34","2016-08-15","2016-07-17","143","16"
"269","0.49","2016-09-12","2016-08-27","144","6"
"270","0.91","2016-09-20","2016-09-02","145","2"
"271","0.8","2016-08-24","2016-08-02","145","10"
"272","0.93","2016-09-06","2016-08-21","145","12"
"273","0.69","2016-09-07","2016-08-24","146","1"
"274","0.48","2016-08-15","2016-07-27","146","3"
"275","0.42","2016-07-17","2016-06-28","146","11"
"276","0.42","2016-07-09","2016-06-15","146","15"
"277","0.68","2016-05-08","2016-04-30","147","8"
"278","0.89","2016-10-10","2016-09-20","148","5"
"279","0.32","2016-07-10","2016-06-18","148","8"
"280","0.73","2016-05-30","2016-05-09","149","2"
"281","0.55","2016-10-13","2016-10-03","150","12"
"282","0.57","2016-11-01","2016-10-03","150","17"
"283","0.31","2016-08-16","2016-08-03","152","16"
"284","0.59","2016-06-05","2016-05-18","153","2"
"285","0.39","2016-07-11","2016-06-16","153","5"
"286","0.52","2016-11-24","2016-10-29","153","6"
"287","0.58","2016-08-16","2016-07-29","153","9"
"288","0.49","2016-05-21","2016-05-01","153","14"
"289","0.64","2016-07-28","2016-07-19","153","16"
"290","0.69","2016-05-01","2016-04-24","153","20"
"291","0.68","2016-05-14","2016-04-30","154","10"
"292","0.4","2016-10-08","2016-09-14","154","19"
"293","0.63","2016-11-04","2016-10-18","155","6"
"294","0.45","2016-05-05","2016-04-28","155","13"
"295","0.72","2016-08-07","2016-07-17","155","14"
"296","0.52","2016-11-02","2016-10-26","155","16"
"297","0.67","2016-05-26","2016-04-27","155","18"
"298","0.44","2016-08-01","2016-07-21","156","3"
"299","0.71","2016-07-31","2016-07-23","156","7"
"300","0.4","2016-07-24","2016-06-26","156","12"
"301","0.83","2016-09-06","2016-08-12","156","17"
"302","0.37","2016-11-27","2016-10-29","157","2"
"303","0.68","2016-05-08","2016-04-25","157","8"
"304","0.6","2016-05-14","2016-04-18","159","8"
"305","0.63","2016-09-22","2016-09-06","160","2"
"306","0.72","2016-05-28","2016-05-04","160","12"
"307","0.38","2016-06-26","2016-06-01","161","1"
"308","0.42","2016-07-23","2016-07-12","161","5"
"309","0.79","2016-07-09","2016-06-18","161","9"
"310","0.93","2016-08-14","2016-08-06","161","10"
"311","0.34","2016-09-03","2016-08-08","161","12"
"312","0.35","2016-06-07","2016-05-16","161","13"
"313","0.57","2016-10-13","2016-10-06","161","14"
"314","0.44","2016-09-19","2016-08-31","161","18"
"315","0.85","2016-10-06","2016-09-20","164","21"
"316","0.39","2016-05-07","2016-04-15","165","7"
"317","0.87","2016-07-19","2016-06-24","165","16"
"318","0.32","2016-10-28","2016-10-08","166","15"
"319","0.37","2016-09-08","2016-08-28","166","21"
"320","0.31","2016-04-27","2016-04-17","167","3"
"321","0.76","2016-08-27","2016-08-16","168","15"
"322","0.46","2016-07-02","2016-06-19","169","2"
"323","0.71","2016-09-19","2016-09-02","169","3"
"324","0.83","2016-05-22","2016-04-30","169","9"
"325","0.43","2016-07-20","2016-07-01","169","10"
"326","0.8","2016-08-19","2016-08-12","169","13"
"327","0.48","2016-09-23","2016-09-02","170","8"
"328","0.64","2016-06-05","2016-05-24","170","12"
"329","0.66","2016-05-31","2016-05-06","170","18"
"330","0.6","2016-10-14","2016-09-16","171","10"
"331","0.54","2016-07-04","2016-06-22","171","17"
"332","0.31","2016-10-06","2016-09-25","172","9"
"333","0.39","2016-10-03","2016-09-09","172","19"
"334","0.9","2016-08-03","2016-07-21","172","20"
"335","0.34","2016-11-01","2016-10-16","172","21"
"336","0.95","2016-08-07","2016-07-21","173","2"
"337","0.54","2016-06-27","2016-05-31","173","16"
"338","0.79","2016-06-20","2016-05-29","173","21"
"339","0.96","2016-07-06","2016-06-21","174","8"
"340","0.57","2016-07-03","2016-06-11","174","14"
"341","0.69","2016-10-06","2016-09-13","174","18"
"342","0.36","2016-08-08","2016-07-20","175","5"
"343","0.58","2016-10-16","2016-10-07","175","11"
"344","0.41","2016-08-26","2016-07-28","175","13"
"345","0.47","2016-06-18","2016-05-24","175","16"
"346","0.93","2016-06-28","2016-06-10","176","11"
"347","0.73","2016-04-30","2016-04-20","177","4"
"348","0.6","2016-07-12","2016-06-18","177","8"
"349","0.69","2016-06-07","2016-05-29","177","12"
"350","0.89","2016-07-22","2016-07-08","178","6"
"351","0.88","2016-08-02","2016-07-21","178","13"
"352","0.59","2016-05-13","2016-04-20","179","10"
"353","0.79","2016-06-14","2016-05-29","180","5"
"354","0.64","2016-10-18","2016-09-20","182","15"
"355","0.6","2016-08-01","2016-07-08","182","17"
"356","0.83","2016-08-31","2016-08-14","183","1"
"357","0.37","2016-10-18","2016-09-27","183","4"
"358","0.6","2016-08-10","2016-07-28","183","14"
"359","0.94","2016-05-23","2016-04-30","184","12"
"360","0.86","2016-10-04","2016-09-05","184","13"
"361","0.53","2016-05-14","2016-04-24","185","8"
"362","0.96","2016-10-20","2016-10-05","185","21"
"363","0.5","2016-09-13","2016-08-27","186","13"
"364","0.58","2016-07-26","2016-07-04","186","18"
"365","0.88","2016-11-14","2016-10-23","188","4"
"366","0.81","2016-05-23","2016-05-03","188","6"
"367","0.96","2016-08-23","2016-08-07","188","9"
"368","0.91","2016-05-12","2016-04-13","189","7"
"369","0.46","2016-06-01","2016-05-25","189","14"
"370","0.81","2016-05-13","2016-04-16","192","21"
"371","0.91","2016-07-24","2016-07-15","193","12"
"372","0.77","2016-06-16","2016-06-04","193","15"
"373","0.81","2016-07-12","2016-06-21","194","11"
"374","0.38","2016-08-23","2016-08-10","194","13"
"375","0.89","2016-08-17","2016-07-26","194","15"
"376","0.36","2016-11-07","2016-10-13","195","1"
"377","0.75","2016-10-18","2016-09-28","196","9"
"378","0.54","2016-08-30","2016-08-09","196","11"
"379","0.39","2016-10-03","2016-09-07","197","15"
"380","0.85","2016-06-05","2016-05-13","197","21"
"381","0.85","2016-08-13","2016-07-17","198","9"
"382","0.82","2016-10-11","2016-09-25","198","19"
"383","0.87","2016-09-20","2016-08-24","199","13"
"384","0.65","2016-05-13","2016-04-15","199","16"
"385","0.41","2016-09-28","2016-09-21","199","19"
"386","0.41","2016-07-11","2016-06-23","199","20"
"387","0.47","2016-05-15","2016-04-19","200","2"
"388","0.93","2016-09-18","2016-09-11","200","12"
"389","0.48","2016-05-10","2016-04-22","200","14"
"390","0.78","2016-10-20","2016-10-06","200","19"
"391","0.77","2016-06-27","2016-05-29","201","3"
"392","0.47","2016-09-05","2016-08-09","201","19"
"393","0.37","2016-07-26","2016-07-05","202","2"
"394","0.89","2016-07-08","2016-06-28","202","16"
"395","0.75","2016-06-03","2016-05-11","202","18"
"396","0.37","2016-10-22","2016-09-25","202","19"
"397","0.49","2016-08-04","2016-07-21","202","21"
"398","0.57","2016-10-03","2016-09-24","203","5"
"399","0.94","2016-07-21","2016-06-30","203","9"
"400","0.45","2016-08-18","2016-07-27","203","12"
"401","0.69","2016-06-02","2016-05-13","203","18"
"402","0.54","2016-11-17","2016-10-28","203","19"
"403","0.37","2016-06-25","2016-06-05","204","14"
"404","0.64","2016-09-28","2016-08-31","205","7"
"405","0.73","2016-10-11","2016-10-04","205","16"
"406","0.96","2016-08-16","2016-08-07","206","18"
"407","0.78","2016-10-27","2016-10-04","207","3"
"408","0.87","2016-10-06","2016-09-27","207","5"
"409","0.49","2016-08-02","2016-07-05","208","6"
"410","0.85","2016-06-08","2016-05-18","208","17"
"411","0.76","2016-08-15","2016-08-06","209","5"
"412","0.43","2016-09-21","2016-09-13","209","10"
"413","0.34","2016-06-01","2016-05-18","209","16"
"414","0.5","2016-09-24","2016-09-01","210","15"
"415","0.52","2016-08-03","2016-07-18","211","10"
"416","0.5","2016-10-15","2016-09-17","211","12"
"417","0.59","2016-08-07","2016-07-19","211","21"
"418","0.58","2016-11-04","2016-10-20","212","2"
"419","0.91","2016-07-25","2016-07-11","212","3"
"420","0.52","2016-11-01","2016-10-03","212","13"
"421","0.66","2016-10-24","2016-10-09","212","15"
"422","0.5","2016-08-26","2016-08-10","213","2"
"423","0.84","2016-09-11","2016-08-20","213","7"
"424","0.41","2016-09-20","2016-08-29","214","11"
"425","0.94","2016-09-16","2016-08-25","215","10"
"426","0.96","2016-11-10","2016-10-24","216","13"
"427","0.75","2016-08-28","2016-08-19","216","17"
"428","0.37","2016-06-10","2016-05-13","217","5"
"429","0.97","2016-07-27","2016-06-29","217","9"
"430","0.61","2016-06-08","2016-05-19","218","2"
"431","0.6","2016-05-13","2016-04-21","218","3"
"432","0.44","2016-10-27","2016-10-11","218","13"
"433","0.32","2016-05-09","2016-04-25","220","21"
"434","0.44","2016-07-21","2016-07-07","221","11"
"435","0.83","2016-06-16","2016-05-24","221","19"
"436","0.75","2016-06-28","2016-06-15","222","21"
"437","0.86","2016-09-26","2016-09-08","223","1"
"438","0.34","2016-08-01","2016-07-17","224","3"
"439","0.85","2016-09-02","2016-08-12","224","5"
"440","0.62","2016-09-07","2016-08-28","224","10"
"441","0.43","2016-11-13","2016-10-15","225","8"
"442","0.74","2016-05-14","2016-04-24","225","21"
"443","0.94","2016-08-16","2016-08-08","226","11"
"444","0.9","2016-08-29","2016-08-16","226","13"
"445","0.69","2016-06-10","2016-05-18","226","14"
"446","0.67","2016-08-11","2016-07-22","227","12"
"447","0.84","2016-05-20","2016-05-08","227","21"
"448","0.94","2016-11-03","2016-10-22","228","5"
"449","0.84","2016-10-02","2016-09-12","229","3"
"450","0.75","2016-06-10","2016-05-20","230","7"
"451","0.89","2016-07-02","2016-06-17","230","19"
"452","0.31","2016-07-19","2016-06-30","231","16"
"453","0.53","2016-08-04","2016-07-26","232","4"
"454","0.54","2016-08-12","2016-07-14","232","12"
"455","0.77","2016-06-27","2016-06-05","232","13"
"456","0.54","2016-06-06","2016-05-27","233","4"
"457","0.92","2016-09-01","2016-08-12","234","17"
"458","0.71","2016-06-24","2016-05-27","236","11"
"459","0.53","2016-06-25","2016-06-07","237","17"
"460","0.5","2016-08-17","2016-08-07","238","16"
"461","0.54","2016-06-27","2016-06-14","239","15"
"462","0.67","2016-11-01","2016-10-17","239","20"
"463","0.32","2016-10-02","2016-09-15","240","3"
"464","0.51","2016-06-23","2016-06-15","241","2"
"465","0.35","2016-08-11","2016-07-24","241","10"
"466","0.97","2016-05-23","2016-05-07","241","12"
"467","0.68","2016-08-31","2016-08-17","241","15"
"468","0.38","2016-06-16","2016-06-07","242","10"
"469","0.63","2016-08-14","2016-08-06","242","17"
"470","0.45","2016-09-11","2016-08-14","243","4"
"471","0.46","2016-11-01","2016-10-16","243","13"
"472","0.84","2016-06-14","2016-05-18","244","2"
"473","0.85","2016-05-24","2016-04-28","244","6"
"474","0.95","2016-06-03","2016-05-19","244","17"
"475","0.91","2016-08-29","2016-08-06","245","5"
"476","0.87","2016-10-10","2016-09-21","245","14"
"477","0.81","2016-05-21","2016-05-03","247","5"
"478","0.95","2016-06-15","2016-05-22","248","2"
"479","0.33","2016-10-09","2016-09-28","248","4"
"480","0.93","2016-07-04","2016-06-20","248","7"
"481","0.91","2016-09-16","2016-08-18","248","17"
"482","0.84","2016-07-09","2016-06-18","250","8"
"483","0.48","2016-07-23","2016-06-28","250","14"
"484","0.43","2016-10-24","2016-10-17","250","20"
"485","0.83","2016-09-20","2016-08-30","252","1"
"486","0.89","2016-09-12","2016-08-26","252","2"
"487","0.53","2016-05-19","2016-04-27","252","3"
"488","0.65","2016-06-14","2016-05-23","252","5"
"489","0.81","2016-09-15","2016-09-06","252","16"
"490","0.51","2016-10-04","2016-09-09","252","19"
"491","0.62","2016-09-27","2016-09-02","253","10"
"492","0.47","2016-07-30","2016-07-05","253","17"
"493","0.66","2016-08-08","2016-07-18","253","21"
"494","0.79","2016-09-01","2016-08-04","254","16"
"495","0.49","2016-08-09","2016-07-20","255","3"
"496","0.42","2016-11-07","2016-10-28","255","11"
"497","0.3","2016-09-08","2016-08-28","255","14"
"498","0.88","2016-05-15","2016-04-17","255","16"
"499","0.97","2016-06-02","2016-05-23","256","12"
"500","0.5","2016-11-02","2016-10-18","256","15"
"501","0.43","2016-05-25","2016-05-18","256","17"
"502","0.97","2016-09-05","2016-08-07","256","20"
"503","0.46","2016-09-20","2016-08-30","257","8"
"504","0.6","2016-11-08","2016-10-25","257","10"
"505","0.4","2016-10-06","2016-09-08","257","16"
"506","0.81","2016-06-28","2016-06-08","259","2"
"507","0.87","2016-05-01","2016-04-13","259","12"
"508","0.69","2016-06-27","2016-06-12","259","14"
"509","0.68","2016-07-05","2016-06-15","259","15"
"510","0.87","2016-10-02","2016-09-21","260","2"
"511","0.91","2016-08-03","2016-07-08","261","2"
"512","0.42","2016-07-12","2016-06-19","261","16"
"513","0.63","2016-07-15","2016-07-06","262","11"
"514","0.37","2016-06-22","2016-06-06","262","21"
"515","0.55","2016-06-04","2016-05-13","263","6"
"516","0.77","2016-05-12","2016-04-30","263","10"
"517","0.47","2016-09-01","2016-08-18","263","12"
"518","0.87","2016-09-12","2016-08-19","263","13"
"519","0.31","2016-11-06","2016-10-17","263","19"
"520","0.41","2016-10-16","2016-09-22","264","6"
"521","0.78","2016-09-27","2016-09-04","264","13"
"522","0.72","2016-07-05","2016-06-20","265","3"
"523","0.82","2016-06-28","2016-05-31","265","5"
"524","0.46","2016-06-15","2016-05-23","266","7"
"525","0.75","2016-06-09","2016-05-21","270","13"
"526","0.87","2016-10-21","2016-10-01","271","5"
"527","0.81","2016-08-07","2016-07-15","271","7"
"528","0.74","2016-06-24","2016-06-10","272","13"
"529","0.52","2016-11-11","2016-10-14","273","8"
"530","0.54","2016-06-09","2016-05-24","273","12"
"531","0.51","2016-09-05","2016-08-14","273","13"
"532","0.45","2016-05-09","2016-04-26","274","19"
"533","0.76","2016-05-31","2016-05-24","274","20"
"534","0.75","2016-09-22","2016-09-08","275","5"
"535","0.81","2016-06-19","2016-06-05","275","12"
"536","0.34","2016-09-08","2016-08-30","275","14"
"537","0.59","2016-08-30","2016-08-22","277","6"
"538","0.71","2016-08-28","2016-08-02","279","3"
"539","0.53","2016-07-18","2016-06-27","279","4"
"540","0.63","2016-11-13","2016-10-28","279","9"
"541","0.85","2016-05-07","2016-04-13","279","14"
"542","0.95","2016-05-31","2016-05-12","279","20"
"543","0.76","2016-08-05","2016-07-28","280","14"
"544","0.58","2016-11-05","2016-10-22","280","18"
"545","0.5","2016-10-18","2016-10-01","281","16"
"546","0.9","2016-10-09","2016-09-10","281","20"
"547","0.78","2016-04-27","2016-04-16","282","1"
"548","0.53","2016-08-06","2016-07-12","282","3"
"549","0.67","2016-10-25","2016-10-03","282","20"
"550","0.98","2016-11-09","2016-10-13","282","21"
"551","0.4","2016-10-12","2016-09-19","283","2"
"552","0.67","2016-09-06","2016-08-26","284","5"
"553","0.98","2016-05-10","2016-04-28","285","1"
"554","0.67","2016-05-17","2016-04-30","285","8"
"555","0.79","2016-06-12","2016-05-19","285","13"
"556","0.88","2016-11-10","2016-10-16","285","15"
"557","0.64","2016-10-17","2016-09-22","286","4"
"558","0.71","2016-07-18","2016-07-09","286","5"
"559","0.83","2016-10-22","2016-09-30","286","11"
"560","0.92","2016-10-12","2016-10-05","286","13"
"561","0.45","2016-07-14","2016-06-21","287","9"
"562","0.41","2016-07-02","2016-06-10","288","5"
"563","0.8","2016-05-08","2016-04-14","288","16"
"564","0.35","2016-08-28","2016-08-18","289","9"
"565","0.48","2016-07-18","2016-07-09","289","18"
"566","0.6","2016-06-04","2016-05-15","289","21"
"567","0.33","2016-05-07","2016-04-28","290","2"
"568","0.69","2016-05-04","2016-04-26","290","6"
"569","0.51","2016-10-27","2016-10-09","290","15"
"570","0.46","2016-08-26","2016-08-02","290","19"
"571","0.75","2016-11-23","2016-10-28","291","7"
"572","0.39","2016-07-25","2016-07-16","293","6"
"573","0.66","2016-09-14","2016-09-05","293","21"
"574","0.68","2016-06-10","2016-05-26","294","21"
"575","0.89","2016-11-09","2016-10-25","295","3"
"576","0.36","2016-09-26","2016-09-07","295","5"
"577","0.33","2016-06-07","2016-05-19","296","11"
"578","0.38","2016-07-01","2016-06-14","296","12"
"579","0.82","2016-05-17","2016-04-26","296","19"
"580","0.86","2016-08-04","2016-07-20","296","20"
"581","0.57","2016-11-22","2016-10-27","297","3"
"582","0.49","2016-10-29","2016-10-19","297","6"
"583","0.78","2016-06-27","2016-06-16","297","15"
"584","0.54","2016-10-07","2016-09-16","297","18"
"585","0.94","2016-07-06","2016-06-09","297","21"
"586","0.7","2016-10-07","2016-09-09","299","2"
"587","0.4","2016-10-27","2016-10-17","299","20"
"588","0.82","2016-05-16","2016-04-18","300","8"
"589","0.51","2016-06-25","2016-06-06","300","14"
"590","0.57","2016-07-13","2016-06-30","300","15"
"591","0.51","2016-07-13","2016-06-30","300","17"
"592","0.84","2016-08-08","2016-07-13","301","15"
"593","0.76","2016-11-01","2016-10-07","302","7"
"594","0.76","2016-09-28","2016-09-05","302","18"
"595","0.59","2016-08-08","2016-07-30","303","5"
"596","0.39","2016-10-22","2016-09-24","303","18"
"597","0.55","2016-06-22","2016-06-12","303","19"
"598","0.76","2016-05-29","2016-05-11","304","13"
"599","0.47","2016-06-06","2016-05-25","305","3"
"600","0.7","2016-09-17","2016-09-03","306","6"
"601","0.57","2016-10-23","2016-09-25","307","17"
"602","0.75","2016-11-12","2016-10-16","307","19"
"603","0.31","2016-11-03","2016-10-15","307","21"
"604","0.93","2016-05-20","2016-04-22","308","1"
"605","0.5","2016-05-17","2016-04-18","308","12"
"606","0.98","2016-05-25","2016-05-09","308","15"
"607","0.53","2016-09-13","2016-08-30","309","10"
"608","0.46","2016-05-26","2016-05-11","311","2"
"609","0.78","2016-08-08","2016-07-24","311","9"
"610","0.35","2016-07-12","2016-06-24","311","12"
"611","0.76","2016-09-13","2016-08-30","311","20"
"612","0.49","2016-05-05","2016-04-17","311","21"
"613","0.95","2016-08-09","2016-07-16","312","10"
"614","0.57","2016-05-11","2016-04-13","312","20"
"615","0.59","2016-09-10","2016-08-29","313","7"
"616","0.77","2016-06-21","2016-06-09","313","12"
"617","0.39","2016-07-10","2016-06-17","313","13"
"618","0.97","2016-05-08","2016-04-15","313","14"
"619","0.75","2016-05-12","2016-04-24","314","9"
"620","0.94","2016-10-15","2016-10-03","314","11"
"621","0.32","2016-10-09","2016-09-17","315","2"
"622","0.91","2016-06-04","2016-05-17","315","4"
"623","0.4","2016-05-23","2016-05-05","315","8"
"624","0.57","2016-10-06","2016-09-28","315","18"
"625","0.46","2016-07-07","2016-06-09","317","7"
"626","0.58","2016-06-20","2016-05-30","318","2"
"627","0.34","2016-07-04","2016-06-22","318","6"
"628","0.71","2016-06-26","2016-06-05","319","3"
"629","0.64","2016-07-11","2016-06-20","319","4"
"630","0.96","2016-06-03","2016-05-10","320","7"
"631","0.34","2016-08-05","2016-07-15","320","8"
"632","0.42","2016-04-25","2016-04-14","320","10"
"633","0.72","2016-08-16","2016-08-05","320","12"
"634","0.56","2016-09-09","2016-08-18","320","13"
"635","0.81","2016-08-10","2016-07-30","320","14"
"636","0.55","2016-05-27","2016-05-19","321","1"
"637","0.51","2016-08-15","2016-08-03","321","9"
"638","0.4","2016-11-18","2016-10-24","321","14"
"639","0.87","2016-11-05","2016-10-20","321","15"
"640","0.34","2016-09-09","2016-09-02","321","16"
"641","0.48","2016-07-25","2016-07-15","321","17"
"642","0.84","2016-07-24","2016-06-30","322","5"
"643","0.82","2016-08-29","2016-08-06","323","12"
"644","0.36","2016-08-15","2016-08-06","323","20"
"645","0.31","2016-09-16","2016-08-20","324","5"
"646","0.74","2016-06-28","2016-05-31","324","9"
"647","0.67","2016-10-30","2016-10-01","325","15"
"648","0.61","2016-05-22","2016-04-27","325","17"
"649","0.88","2016-08-11","2016-07-15","326","20"
"650","0.82","2016-05-11","2016-05-02","327","8"
"651","0.42","2016-10-22","2016-09-24","327","11"
"652","0.56","2016-07-23","2016-07-14","328","5"
"653","0.53","2016-08-19","2016-07-23","329","19"
"654","0.34","2016-06-02","2016-05-07","329","20"
"655","0.47","2016-10-19","2016-10-10","330","20"
"656","0.34","2016-10-01","2016-09-03","331","13"
"657","0.47","2016-10-17","2016-09-25","331","20"
"658","0.55","2016-09-18","2016-09-04","332","13"
"659","0.38","2016-07-03","2016-06-21","333","1"
"660","0.78","2016-09-15","2016-09-05","333","2"
"661","0.95","2016-10-22","2016-10-02","333","8"
"662","0.73","2016-05-19","2016-05-09","333","12"
"663","0.76","2016-10-19","2016-09-22","335","7"
"664","0.67","2016-10-06","2016-09-20","335","8"
"665","0.77","2016-10-30","2016-10-05","335","13"
"666","0.66","2016-08-14","2016-07-30","335","18"
"667","0.76","2016-08-29","2016-08-14","336","19"
"668","0.67","2016-11-09","2016-10-19","337","4"
"669","0.49","2016-08-16","2016-08-03","337","5"
"670","0.5","2016-11-02","2016-10-22","337","19"
"671","0.31","2016-09-11","2016-08-22","338","18"
"672","0.81","2016-10-09","2016-09-24","339","3"
"673","0.6","2016-07-24","2016-07-17","339","10"
"674","0.79","2016-09-12","2016-09-02","339","13"
"675","0.33","2016-09-11","2016-08-23","340","7"
"676","0.78","2016-09-20","2016-08-23","340","10"
"677","0.88","2016-10-19","2016-10-07","340","17"
"678","0.48","2016-10-21","2016-09-29","341","2"
"679","0.71","2016-05-26","2016-05-07","342","14"
"680","0.64","2016-11-09","2016-10-20","343","16"
"681","0.36","2016-08-14","2016-07-31","343","17"
"682","0.9","2016-06-26","2016-05-30","344","1"
"683","0.43","2016-08-03","2016-07-14","345","9"
"684","0.56","2016-07-20","2016-06-30","345","18"
"685","0.5","2016-10-17","2016-10-04","346","7"
"686","0.78","2016-09-13","2016-09-02","346","18"
"687","0.61","2016-08-28","2016-08-17","346","19"
"688","0.36","2016-05-28","2016-05-16","347","1"
"689","0.95","2016-08-01","2016-07-22","348","7"
"690","0.73","2016-07-09","2016-06-23","348","11"
"691","0.82","2016-06-09","2016-05-25","348","13"
"692","0.95","2016-07-04","2016-06-15","348","16"
"693","0.45","2016-07-24","2016-07-17","348","20"
"694","0.43","2016-07-15","2016-06-21","349","5"
"695","0.58","2016-06-20","2016-06-04","349","9"
"696","0.37","2016-07-25","2016-06-28","350","6"
"697","0.89","2016-08-25","2016-07-28","351","17"
"698","0.83","2016-09-22","2016-09-11","353","9"
"699","0.46","2016-11-25","2016-10-28","354","10"
"700","0.82","2016-10-09","2016-09-10","354","11"
"701","0.36","2016-06-24","2016-06-09","354","17"
"702","0.8","2016-11-19","2016-10-28","355","6"
"703","0.72","2016-10-21","2016-10-08","355","18"
"704","0.59","2016-07-19","2016-07-02","355","20"
"705","0.95","2016-05-18","2016-05-04","356","1"
"706","0.8","2016-07-04","2016-06-07","357","1"
"707","0.91","2016-06-11","2016-05-18","357","2"
"708","0.77","2016-08-07","2016-07-21","359","2"
"709","0.5","2016-06-12","2016-06-02","360","1"
"710","0.75","2016-08-20","2016-08-12","360","12"
"711","0.52","2016-07-24","2016-07-16","360","18"
"712","0.31","2016-11-24","2016-10-28","360","20"
"713","0.33","2016-06-30","2016-06-20","361","2"
"714","0.67","2016-08-18","2016-08-02","362","5"
"715","0.73","2016-05-09","2016-05-01","362","15"
"716","0.33","2016-06-06","2016-05-13","362","18"
"717","0.3","2016-09-13","2016-08-27","364","8"
"718","0.61","2016-09-17","2016-09-10","364","9"
"719","0.89","2016-05-27","2016-04-29","364","14"
"720","0.92","2016-07-10","2016-06-30","365","21"
"721","0.31","2016-10-15","2016-10-04","366","12"
"722","0.83","2016-09-30","2016-09-08","368","1"
"723","0.77","2016-06-12","2016-06-03","368","3"
"724","0.9","2016-05-30","2016-05-18","369","5"
"725","0.68","2016-09-01","2016-08-03","369","21"
"726","0.4","2016-06-12","2016-06-04","370","1"
"727","0.64","2016-07-16","2016-06-30","370","3"
"728","0.8","2016-05-04","2016-04-24","371","6"
"729","0.52","2016-05-27","2016-05-02","371","9"
"730","0.33","2016-09-07","2016-08-23","371","13"
"731","0.52","2016-10-10","2016-09-11","372","6"
"732","0.69","2016-05-20","2016-04-26","372","12"
"733","0.45","2016-07-31","2016-07-23","373","9"
"734","0.63","2016-08-15","2016-07-20","374","8"
"735","0.81","2016-08-13","2016-07-21","374","11"
"736","0.37","2016-10-24","2016-10-13","374","14"
"737","0.36","2016-07-01","2016-06-17","375","5"
"738","0.89","2016-06-11","2016-05-25","375","7"
"739","0.73","2016-05-23","2016-04-29","375","13"
"740","0.7","2016-07-27","2016-07-12","375","15"
"741","0.86","2016-05-16","2016-04-26","376","5"
"742","0.44","2016-11-03","2016-10-25","376","7"
"743","0.32","2016-05-01","2016-04-13","376","16"
"744","0.78","2016-10-24","2016-10-03","377","6"
"745","0.45","2016-10-27","2016-09-30","377","14"
"746","0.61","2016-08-11","2016-07-16","377","17"
"747","0.38","2016-07-04","2016-06-19","378","1"
"748","0.78","2016-07-23","2016-07-14","378","5"
"749","0.48","2016-05-11","2016-05-04","378","7"
"750","0.7","2016-08-24","2016-08-08","378","9"
"751","0.87","2016-07-07","2016-06-23","378","19"
"752","0.45","2016-07-05","2016-06-26","379","4"
"753","0.79","2016-09-07","2016-08-25","379","18"
"754","0.66","2016-08-25","2016-08-02","381","5"
"755","0.42","2016-07-24","2016-07-06","381","12"
"756","0.97","2016-08-24","2016-08-03","381","13"
"757","0.81","2016-06-09","2016-05-11","381","14"
"758","0.89","2016-07-16","2016-06-17","381","17"
"759","0.64","2016-11-25","2016-10-29","382","7"
"760","0.42","2016-11-19","2016-10-26","382","20"
"761","0.74","2016-06-27","2016-06-02","383","11"
"762","0.55","2016-06-16","2016-05-23","384","10"
"763","0.9","2016-06-15","2016-05-29","384","21"
"764","0.65","2016-08-09","2016-08-01","385","16"
"765","0.93","2016-10-19","2016-09-22","385","20"
"766","0.83","2016-08-05","2016-07-28","386","16"
"767","0.6","2016-08-12","2016-07-16","387","2"
"768","0.46","2016-07-01","2016-06-18","387","5"
"769","0.98","2016-07-21","2016-06-28","387","6"
"770","0.53","2016-05-28","2016-05-12","387","8"
"771","0.7","2016-08-12","2016-08-05","387","15"
"772","0.95","2016-05-28","2016-05-12","387","20"
"773","0.42","2016-10-04","2016-09-22","388","18"
"774","0.95","2016-07-31","2016-07-15","390","7"
"775","0.51","2016-10-24","2016-09-26","390","14"
"776","0.48","2016-05-05","2016-04-18","391","5"
"777","0.71","2016-09-26","2016-09-17","391","16"
"778","0.76","2016-06-23","2016-06-07","392","10"
"779","0.86","2016-06-18","2016-06-02","393","2"
"780","0.42","2016-05-22","2016-04-26","393","5"
"781","0.49","2016-05-15","2016-04-23","393","10"
"782","0.83","2016-10-19","2016-10-10","394","3"
"783","0.47","2016-05-15","2016-05-07","394","12"
"784","0.43","2016-06-16","2016-05-22","394","15"
"785","0.4","2016-09-23","2016-09-05","394","19"
"786","0.31","2016-06-13","2016-05-17","395","7"
"787","0.64","2016-10-24","2016-10-17","395","12"
"788","0.32","2016-09-20","2016-09-07","395","14"
"789","0.86","2016-06-12","2016-05-26","396","6"
"790","0.93","2016-05-14","2016-05-06","396","17"
"791","0.63","2016-07-11","2016-06-28","398","17"
"792","0.91","2016-08-06","2016-07-11","398","18"
"793","0.91","2016-08-26","2016-08-09","398","20"
"794","0.62","2016-09-17","2016-08-29","398","21"
"795","0.92","2016-10-04","2016-09-26","399","20"
"796","0.72","2016-06-16","2016-05-18","401","9"
"797","0.75","2016-06-16","2016-06-09","402","3"
"798","0.55","2016-05-18","2016-05-08","402","18"
"799","0.56","2016-06-15","2016-05-22","402","20"
"800","0.78","2016-07-03","2016-06-05","403","1"
"801","0.58","2016-06-21","2016-06-05","403","4"
"802","0.47","2016-09-23","2016-09-15","403","6"
"803","0.75","2016-09-08","2016-08-24","403","11"
"804","0.72","2016-08-20","2016-08-12","405","3"
"805","0.54","2016-07-07","2016-06-13","406","3"
"806","0.45","2016-08-24","2016-08-10","406","13"
"807","0.45","2016-08-02","2016-07-07","407","1"
"808","0.94","2016-11-03","2016-10-09","407","3"
"809","0.7","2016-07-06","2016-06-15","407","7"
"810","0.91","2016-07-28","2016-07-15","408","7"
"811","0.35","2016-05-30","2016-05-11","408","9"
"812","0.89","2016-10-06","2016-09-17","408","18"
"813","0.43","2016-10-10","2016-09-22","408","20"
"814","0.34","2016-09-23","2016-09-13","408","21"
"815","0.33","2016-04-30","2016-04-23","409","3"
"816","0.64","2016-08-12","2016-08-03","409","9"
"817","0.45","2016-09-06","2016-08-27","409","13"
"818","0.84","2016-06-18","2016-06-09","409","18"
"819","0.81","2016-07-02","2016-06-09","410","14"
"820","0.72","2016-05-15","2016-04-16","410","16"
"821","0.42","2016-05-30","2016-05-19","412","1"
"822","0.52","2016-10-14","2016-09-16","412","8"
"823","0.94","2016-09-15","2016-08-29","412","11"
"824","0.81","2016-10-16","2016-10-02","412","16"
"825","0.68","2016-10-18","2016-10-10","413","7"
"826","0.34","2016-07-14","2016-06-17","413","8"
"827","0.65","2016-10-31","2016-10-24","413","14"
"828","0.55","2016-08-30","2016-08-08","413","18"
"829","0.96","2016-10-04","2016-09-20","414","2"
"830","0.79","2016-09-02","2016-08-21","414","5"
"831","0.54","2016-10-06","2016-09-19","414","17"
"832","0.35","2016-10-03","2016-09-04","414","19"
"833","0.77","2016-08-24","2016-08-11","415","16"
"834","0.79","2016-05-29","2016-05-15","417","6"
"835","0.64","2016-06-18","2016-06-04","417","8"
"836","0.56","2016-06-24","2016-06-11","417","14"
"837","0.61","2016-08-10","2016-08-02","417","16"
"838","0.87","2016-06-26","2016-06-09","419","17"
"839","0.61","2016-07-07","2016-06-11","420","1"
"840","0.55","2016-10-31","2016-10-21","420","2"
"841","0.84","2016-10-26","2016-10-12","422","14"
"842","0.96","2016-06-03","2016-05-11","422","15"
"843","0.8","2016-10-08","2016-09-25","423","10"
"844","0.59","2016-11-12","2016-10-17","423","17"
"845","0.39","2016-10-28","2016-10-14","424","6"
"846","0.65","2016-10-22","2016-10-13","424","15"
"847","0.59","2016-09-05","2016-08-09","425","6"
"848","0.65","2016-06-22","2016-06-05","425","17"
"849","0.85","2016-10-03","2016-09-09","426","3"
"850","0.57","2016-09-22","2016-09-08","426","6"
"851","0.74","2016-09-14","2016-09-01","426","13"
"852","0.91","2016-08-30","2016-08-07","426","14"
"853","0.96","2016-11-01","2016-10-21","426","19"
"854","0.85","2016-07-11","2016-06-23","428","10"
"855","0.56","2016-06-20","2016-06-13","428","15"
"856","0.96","2016-09-04","2016-08-15","429","21"
"857","0.52","2016-10-03","2016-09-21","430","1"
"858","0.54","2016-10-05","2016-09-28","430","18"
"859","0.75","2016-05-11","2016-04-24","431","5"
"860","0.87","2016-07-07","2016-06-29","432","15"
"861","0.34","2016-09-06","2016-08-12","432","20"
"862","0.56","2016-07-12","2016-07-04","433","10"
"863","0.56","2016-06-01","2016-05-11","433","12"
"864","0.78","2016-09-29","2016-09-20","433","19"
"865","0.49","2016-05-29","2016-05-18","435","1"
"866","0.43","2016-07-25","2016-07-13","435","14"
"867","0.62","2016-06-25","2016-05-28","435","17"
"868","0.54","2016-07-22","2016-07-12","435","20"
"869","0.41","2016-08-21","2016-08-05","436","15"
"870","0.96","2016-09-18","2016-09-02","436","19"
"871","0.45","2016-07-11","2016-06-23","437","1"
"872","0.71","2016-10-14","2016-10-02","438","6"
"873","0.3","2016-08-18","2016-08-08","438","10"
"874","0.66","2016-11-11","2016-10-25","439","7"
"875","0.55","2016-09-18","2016-08-28","440","5"
"876","0.63","2016-09-10","2016-08-16","440","8"
"877","0.39","2016-05-06","2016-04-27","440","9"
"878","0.38","2016-10-14","2016-09-27","440","11"
"879","0.51","2016-08-05","2016-07-28","440","15"
"880","0.39","2016-11-09","2016-10-15","441","1"
"881","0.65","2016-07-17","2016-06-24","441","13"
"882","0.39","2016-07-19","2016-06-21","442","8"
"883","0.32","2016-09-22","2016-09-12","442","19"
"884","0.49","2016-05-21","2016-04-26","443","2"
"885","0.77","2016-07-14","2016-06-21","443","3"
"886","0.62","2016-10-08","2016-09-17","443","8"
"887","0.63","2016-11-04","2016-10-15","443","18"
"888","0.95","2016-11-20","2016-10-27","443","19"
"889","0.33","2016-07-11","2016-07-03","444","5"
"890","0.58","2016-05-04","2016-04-15","444","9"
"891","0.66","2016-08-02","2016-07-18","444","17"
"892","0.37","2016-08-28","2016-08-01","445","7"
"893","0.35","2016-06-13","2016-05-25","446","9"
"894","0.56","2016-07-25","2016-07-02","446","11"
"895","0.55","2016-05-20","2016-05-12","447","1"
"896","0.97","2016-05-20","2016-05-11","447","7"
"897","0.89","2016-07-15","2016-06-30","447","9"
"898","0.5","2016-05-20","2016-04-23","447","12"
"899","0.42","2016-05-09","2016-04-15","448","1"
"900","0.73","2016-05-23","2016-05-09","448","6"
"901","0.73","2016-07-27","2016-07-11","448","13"
"902","0.73","2016-06-14","2016-06-02","449","12"
"903","0.42","2016-09-14","2016-08-17","450","8"
"904","0.38","2016-07-05","2016-06-28","450","11"
"905","0.68","2016-08-15","2016-07-29","450","18"
"906","0.31","2016-05-30","2016-05-12","451","7"
"907","0.4","2016-06-29","2016-06-03","451","13"
"908","0.45","2016-09-11","2016-08-23","452","2"
"909","0.89","2016-10-14","2016-10-05","452","4"
"910","0.94","2016-09-29","2016-09-15","452","5"
"911","0.37","2016-08-08","2016-07-17","452","8"
"912","0.87","2016-06-01","2016-05-12","452","9"
"913","0.93","2016-08-28","2016-08-07","453","5"
"914","0.36","2016-09-27","2016-09-13","454","1"
"915","0.69","2016-07-26","2016-07-13","454","13"
"916","0.58","2016-09-10","2016-08-21","455","1"
"917","0.85","2016-08-31","2016-08-17","455","2"
"918","0.41","2016-05-24","2016-05-11","455","3"
"919","0.58","2016-10-22","2016-10-07","455","10"
"920","0.84","2016-10-27","2016-10-10","455","14"
"921","0.79","2016-07-01","2016-06-14","456","15"
"922","0.8","2016-05-31","2016-05-14","457","5"
"923","0.41","2016-06-18","2016-06-11","457","20"
"924","0.79","2016-11-05","2016-10-12","458","1"
"925","0.78","2016-11-10","2016-10-19","458","11"
"926","0.86","2016-06-12","2016-05-26","458","14"
"927","0.97","2016-05-21","2016-05-03","458","15"
"928","0.49","2016-06-11","2016-06-03","459","3"
"929","0.96","2016-09-25","2016-09-08","459","15"
"930","0.76","2016-09-05","2016-08-15","459","20"
"931","0.31","2016-10-01","2016-09-23","461","14"
"932","0.41","2016-11-02","2016-10-24","462","2"
"933","0.5","2016-07-16","2016-06-17","462","6"
"934","0.35","2016-08-08","2016-07-27","462","16"
"935","0.49","2016-07-04","2016-06-23","463","1"
"936","0.39","2016-05-06","2016-04-28","463","11"
"937","0.61","2016-05-13","2016-05-05","463","12"
"938","0.89","2016-10-07","2016-09-30","463","13"
"939","0.4","2016-07-19","2016-07-08","465","7"
"940","0.64","2016-06-15","2016-05-28","465","8"
"941","0.92","2016-07-12","2016-06-29","465","14"
"942","0.82","2016-07-09","2016-07-02","466","4"
"943","0.91","2016-06-30","2016-06-07","466","10"
"944","0.89","2016-11-13","2016-10-27","466","12"
"945","0.87","2016-09-20","2016-09-05","467","9"
"946","0.53","2016-08-16","2016-08-06","469","1"
"947","0.54","2016-05-30","2016-05-11","469","10"
"948","0.48","2016-05-06","2016-04-28","469","20"
"949","0.47","2016-05-18","2016-04-26","469","21"
"950","0.86","2016-06-10","2016-05-28","470","1"
"951","0.33","2016-11-06","2016-10-18","470","6"
"952","0.97","2016-07-10","2016-06-26","470","21"
"953","0.87","2016-10-16","2016-10-03","471","7"
"954","0.48","2016-10-18","2016-09-26","471","17"
"955","0.44","2016-11-02","2016-10-20","472","6"
"956","0.34","2016-04-27","2016-04-18","472","9"
"957","0.57","2016-06-02","2016-05-20","473","8"
"958","0.39","2016-11-08","2016-10-25","473","16"
"959","0.5","2016-10-28","2016-10-01","473","19"
"960","0.72","2016-10-15","2016-10-02","474","3"
"961","0.31","2016-08-31","2016-08-07","474","8"
"962","0.93","2016-08-17","2016-07-27","474","14"
"963","0.61","2016-11-02","2016-10-24","474","15"
"964","0.42","2016-11-12","2016-10-26","474","18"
"965","0.7","2016-05-04","2016-04-17","475","6"
"966","0.71","2016-06-27","2016-06-19","476","9"
"967","0.92","2016-08-03","2016-07-26","476","14"
"968","0.76","2016-10-08","2016-09-11","476","19"
"969","0.38","2016-10-04","2016-09-06","477","16"
"970","0.69","2016-10-17","2016-10-10","477","17"
"971","0.96","2016-08-02","2016-07-09","478","2"
"972","0.73","2016-07-30","2016-07-14","478","10"
"973","0.86","2016-10-17","2016-10-03","478","12"
"974","0.6","2016-05-30","2016-05-15","478","18"
"975","0.91","2016-07-31","2016-07-15","479","7"
"976","0.91","2016-05-31","2016-05-12","479","13"
"977","0.3","2016-09-21","2016-08-29","479","15"
"978","0.32","2016-08-16","2016-08-03","480","4"
"979","0.37","2016-07-16","2016-06-19","481","12"
"980","0.63","2016-09-06","2016-08-12","481","20"
"981","0.8","2016-04-25","2016-04-14","482","13"
"982","0.89","2016-05-16","2016-05-05","483","1"
"983","0.75","2016-06-08","2016-05-12","483","9"
"984","0.47","2016-07-13","2016-07-06","483","10"
"985","0.78","2016-10-15","2016-09-21","484","11"
"986","0.75","2016-09-14","2016-08-20","484","19"
"987","0.73","2016-05-13","2016-04-23","484","21"
"988","0.85","2016-09-23","2016-09-09","485","1"
"989","0.62","2016-05-28","2016-05-01","485","6"
"990","0.45","2016-09-04","2016-08-06","485","18"
"991","0.85","2016-05-23","2016-05-09","485","19"
"992","0.97","2016-10-22","2016-10-10","486","1"
"993","0.61","2016-07-07","2016-06-28","486","2"
"994","0.87","2016-09-28","2016-09-20","486","3"
"995","0.85","2016-07-05","2016-06-07","487","8"
"996","0.86","2016-10-29","2016-10-02","487","11"
"997","0.74","2016-06-24","2016-06-05","487","13"
"998","0.52","2016-06-06","2016-05-08","487","21"
"999","0.82","2016-11-22","2016-10-24","488","4"
"1000","0.57","2016-09-28","2016-09-20","488","8"
"1001","0.43","2016-11-11","2016-10-22","488","18"
"1002","0.56","2016-06-25","2016-06-10","489","2"
"1003","0.79","2016-08-30","2016-08-02","489","3"
"1004","0.31","2016-06-22","2016-06-10","489","5"
"1005","0.75","2016-05-27","2016-05-01","489","18"
"1006","0.88","2016-10-25","2016-10-05","490","5"
"1007","0.78","2016-08-24","2016-08-04","491","8"
"1008","0.97","2016-08-27","2016-07-29","491","19"
"1009","0.42","2016-07-26","2016-07-19","491","21"
"1010","0.91","2016-09-11","2016-08-23","492","16"
"1011","0.37","2016-07-22","2016-07-11","493","4"
"1012","0.96","2016-07-23","2016-07-07","493","17"
"1013","0.85","2016-05-12","2016-04-18","493","19"
"1014","0.64","2016-10-16","2016-10-01","494","1"
"1015","0.92","2016-10-24","2016-10-10","495","2"
"1016","0.92","2016-08-31","2016-08-09","495","14"
"1017","0.98","2016-10-09","2016-09-13","497","6"
"1018","0.51","2016-09-20","2016-08-31","497","13"
"1019","0.62","2016-08-16","2016-07-19","498","6"
"1020","0.65","2016-11-23","2016-10-26","499","3"
"1021","0.49","2016-08-11","2016-07-27","499","14"
"1022","0.32","2016-06-03","2016-05-05","501","14"
"1023","0.84","2016-10-05","2016-09-15","501","17"
"1024","0.5","2016-09-09","2016-08-16","502","10"
"1025","0.43","2016-10-17","2016-09-26","503","3"
"1026","0.8","2016-06-18","2016-06-11","504","3"
"1027","0.33","2016-05-11","2016-04-29","504","12"
"1028","0.79","2016-10-03","2016-09-26","504","13"
"1029","0.84","2016-10-08","2016-09-26","505","2"
"1030","0.33","2016-09-17","2016-08-19","505","5"
"1031","0.74","2016-06-28","2016-06-15","505","13"
"1032","0.42","2016-05-26","2016-05-15","505","16"
"1033","0.83","2016-07-25","2016-07-05","505","20"
"1034","0.65","2016-06-27","2016-06-13","505","21"
"1035","0.84","2016-10-29","2016-10-17","506","4"
"1036","0.71","2016-06-15","2016-06-01","507","6"
"1037","0.34","2016-06-30","2016-06-08","507","7"
"1038","0.41","2016-07-15","2016-06-25","507","19"
"1039","0.47","2016-08-17","2016-07-22","507","21"
"1040","0.7","2016-07-11","2016-06-24","508","5"
"1041","0.62","2016-06-13","2016-06-06","508","7"
"1042","0.62","2016-06-25","2016-05-27","508","12"
"1043","0.72","2016-10-20","2016-09-27","508","14"
"1044","0.86","2016-11-05","2016-10-22","509","2"
"1045","0.75","2016-06-18","2016-05-28","509","6"
"1046","0.8","2016-09-05","2016-08-28","510","2"
"1047","0.58","2016-10-14","2016-10-02","510","14"
"1048","0.55","2016-08-24","2016-08-13","511","12"
"1049","0.59","2016-10-20","2016-09-22","511","19"
"1050","0.3","2016-06-10","2016-05-19","513","1"
"1051","0.93","2016-05-13","2016-04-16","513","4"
"1052","0.98","2016-09-23","2016-08-29","513","16"
"1053","0.74","2016-07-17","2016-07-03","514","5"
"1054","0.68","2016-08-08","2016-07-19","515","8"
"1055","0.98","2016-11-06","2016-10-15","515","11"
"1056","0.7","2016-05-22","2016-05-03","515","18"
"1057","0.78","2016-09-20","2016-08-24","516","1"
"1058","0.55","2016-06-07","2016-05-18","516","8"
"1059","0.58","2016-06-04","2016-05-16","516","11"
"1060","0.87","2016-07-22","2016-06-23","516","13"
"1061","0.83","2016-05-16","2016-05-02","517","9"
"1062","0.33","2016-07-08","2016-06-18","518","17"
"1063","0.65","2016-08-18","2016-07-30","518","20"
"1064","0.84","2016-05-21","2016-05-07","520","5"
"1065","0.84","2016-06-29","2016-06-04","520","10"
"1066","0.96","2016-09-02","2016-08-26","521","7"
"1067","0.69","2016-06-17","2016-05-20","521","11"
"1068","0.97","2016-11-11","2016-10-19","521","15"
"1069","0.82","2016-09-03","2016-08-13","522","11"
"1070","0.91","2016-07-23","2016-07-04","522","18"
"1071","0.71","2016-10-12","2016-10-03","522","20"
"1072","0.85","2016-10-09","2016-09-23","523","2"
"1073","0.61","2016-05-21","2016-04-30","523","13"
"1074","0.32","2016-09-09","2016-08-18","524","8"
"1075","0.43","2016-10-18","2016-10-02","524","14"
"1076","0.74","2016-10-17","2016-10-08","524","19"
"1077","0.85","2016-09-02","2016-08-22","524","20"
"1078","0.8","2016-08-07","2016-07-19","525","3"
"1079","0.31","2016-09-30","2016-09-23","525","4"
"1080","0.56","2016-10-10","2016-09-23","525","7"
"1081","0.36","2016-06-20","2016-05-29","525","9"
"1082","0.31","2016-11-09","2016-10-17","526","16"
"1083","0.82","2016-09-25","2016-09-04","528","1"
"1084","0.38","2016-10-04","2016-09-24","528","14"
"1085","0.68","2016-06-22","2016-05-30","529","3"
"1086","0.63","2016-09-03","2016-08-22","530","5"
"1087","0.73","2016-10-01","2016-09-21","530","13"
"1088","0.67","2016-10-01","2016-09-16","530","18"
"1089","0.46","2016-09-04","2016-08-13","530","21"
"1090","0.48","2016-11-19","2016-10-22","532","21"
"1091","0.5","2016-06-26","2016-05-31","533","7"
"1092","0.52","2016-11-01","2016-10-14","533","11"
"1093","0.59","2016-10-11","2016-09-23","534","1"
"1094","0.56","2016-08-28","2016-08-15","534","11"
"1095","0.72","2016-05-12","2016-05-05","534","16"
"1096","0.63","2016-09-05","2016-08-14","535","3"
"1097","0.71","2016-07-26","2016-06-30","535","4"
"1098","0.78","2016-07-02","2016-06-11","536","14"
"1099","0.77","2016-09-04","2016-08-24","537","2"
"1100","0.56","2016-08-20","2016-07-25","537","20"
"1101","0.82","2016-09-29","2016-09-16","538","3"
"1102","0.54","2016-08-11","2016-07-25","538","8"
"1103","0.35","2016-11-08","2016-10-14","538","14"
"1104","0.43","2016-10-06","2016-09-18","539","6"
"1105","0.46","2016-07-15","2016-07-08","540","1"
"1106","0.77","2016-07-05","2016-06-06","540","6"
"1107","0.41","2016-06-02","2016-05-22","540","9"
"1108","0.94","2016-08-24","2016-07-28","540","13"
"1109","0.5","2016-11-07","2016-10-22","541","5"
"1110","0.64","2016-08-24","2016-07-29","541","11"
"1111","0.67","2016-10-26","2016-10-02","541","14"
"1112","0.34","2016-09-28","2016-09-10","541","19"
"1113","0.33","2016-10-22","2016-10-07","543","12"
"1114","0.35","2016-07-20","2016-06-21","543","16"
"1115","0.85","2016-07-10","2016-06-21","544","4"
"1116","0.59","2016-08-02","2016-07-17","544","10"
"1117","0.98","2016-10-25","2016-10-10","544","12"
"1118","0.35","2016-10-04","2016-09-12","544","13"
"1119","0.95","2016-10-16","2016-10-03","546","2"
"1120","0.49","2016-09-30","2016-09-08","546","7"
"1121","0.52","2016-08-01","2016-07-08","546","19"
"1122","0.48","2016-06-02","2016-05-12","547","10"
"1123","0.94","2016-10-06","2016-09-07","547","12"
"1124","0.88","2016-05-28","2016-05-02","549","5"
"1125","0.65","2016-11-01","2016-10-19","549","16"
"1126","0.73","2016-05-16","2016-04-29","549","18"
"1127","0.33","2016-09-06","2016-08-16","549","20"
"1128","0.7","2016-11-22","2016-10-28","550","10"
"1129","0.5","2016-07-05","2016-06-28","550","12"
"1130","0.75","2016-05-12","2016-04-26","550","16"
"1131","0.4","2016-08-14","2016-07-28","552","3"
"1132","0.86","2016-07-15","2016-06-18","552","6"
"1133","0.87","2016-10-05","2016-09-14","552","14"
"1134","0.95","2016-09-16","2016-08-20","553","4"
"1135","0.5","2016-10-30","2016-10-01","553","13"
"1136","0.69","2016-09-21","2016-08-29","553","18"
"1137","0.57","2016-05-08","2016-05-01","553","21"
"1138","0.62","2016-08-16","2016-07-26","554","10"
"1139","0.88","2016-08-14","2016-07-18","554","19"
"1140","0.7","2016-11-20","2016-10-22","554","21"
"1141","0.65","2016-11-03","2016-10-14","555","12"
"1142","0.7","2016-07-18","2016-06-26","556","5"
"1143","0.61","2016-11-10","2016-10-23","558","2"
"1144","0.87","2016-05-23","2016-04-29","558","6"
"1145","0.4","2016-05-12","2016-04-18","558","7"
"1146","0.75","2016-10-14","2016-10-07","558","9"
"1147","0.91","2016-09-05","2016-08-28","558","19"
"1148","0.58","2016-06-03","2016-05-06","558","21"
"1149","0.43","2016-06-03","2016-05-15","559","1"
"1150","0.46","2016-09-17","2016-09-07","559","4"
"1151","0.46","2016-09-22","2016-09-10","559","21"
"1152","0.8","2016-08-03","2016-07-14","560","1"
"1153","0.8","2016-08-21","2016-08-12","560","8"
"1154","0.71","2016-08-27","2016-08-03","560","13"
"1155","0.35","2016-09-25","2016-09-16","560","18"
"1156","0.72","2016-08-05","2016-07-12","561","15"
"1157","0.34","2016-11-14","2016-10-19","562","1"
"1158","0.67","2016-05-06","2016-04-27","562","11"
"1159","0.73","2016-06-08","2016-05-29","562","19"
"1160","0.44","2016-11-03","2016-10-17","563","18"
"1161","0.87","2016-08-14","2016-07-20","564","2"
"1162","0.48","2016-08-19","2016-08-04","564","15"
"1163","0.68","2016-10-18","2016-09-27","564","20"
"1164","0.59","2016-08-13","2016-07-19","565","5"
"1165","0.77","2016-06-07","2016-05-27","566","1"
"1166","0.61","2016-07-23","2016-07-15","566","3"
"1167","0.38","2016-05-16","2016-05-05","566","14"
"1168","0.87","2016-06-18","2016-06-05","567","8"
"1169","0.66","2016-05-21","2016-05-02","568","7"
"1170","0.76","2016-07-03","2016-06-09","569","12"
"1171","0.37","2016-07-01","2016-06-11","569","18"
"1172","0.64","2016-07-18","2016-07-02","570","8"
"1173","0.44","2016-09-30","2016-09-05","571","7"
"1174","0.39","2016-06-24","2016-05-29","571","17"
"1175","0.94","2016-05-15","2016-05-01","571","21"
"1176","0.51","2016-06-27","2016-06-09","572","1"
"1177","0.3","2016-10-24","2016-10-02","572","8"
"1178","0.33","2016-10-24","2016-10-01","572","19"
"1179","0.77","2016-05-21","2016-05-04","573","17"
"1180","0.45","2016-08-01","2016-07-16","574","13"
"1181","0.51","2016-05-19","2016-05-07","574","21"
"1182","0.89","2016-07-15","2016-06-25","575","1"
"1183","0.83","2016-08-20","2016-08-07","575","5"
"1184","0.52","2016-08-25","2016-07-28","576","8"
"1185","0.71","2016-09-26","2016-09-05","576","10"
"1186","0.62","2016-09-16","2016-08-21","576","12"
"1187","0.89","2016-06-06","2016-05-18","576","20"
"1188","0.88","2016-07-15","2016-07-08","577","12"
"1189","0.61","2016-09-05","2016-08-17","578","1"
"1190","0.62","2016-05-30","2016-05-14","578","6"
"1191","0.85","2016-08-24","2016-07-29","578","19"
"1192","0.97","2016-06-26","2016-06-04","580","8"
"1193","0.67","2016-07-03","2016-06-26","580","9"
"1194","0.34","2016-05-24","2016-05-14","580","13"
"1195","0.37","2016-09-04","2016-08-26","581","1"
"1196","0.36","2016-08-14","2016-07-22","581","7"
"1197","0.96","2016-10-31","2016-10-18","581","13"
"1198","0.43","2016-05-30","2016-05-06","582","10"
"1199","0.77","2016-11-08","2016-10-24","582","15"
"1200","0.81","2016-05-01","2016-04-15","582","20"
"1201","0.57","2016-10-10","2016-09-28","583","2"
"1202","0.82","2016-05-21","2016-04-30","583","6"
"1203","0.61","2016-05-03","2016-04-25","583","10"
"1204","0.34","2016-06-08","2016-05-22","583","13"
"1205","0.93","2016-07-28","2016-07-07","585","14"
"1206","0.77","2016-07-16","2016-07-01","585","20"
"1207","0.77","2016-07-27","2016-07-03","586","4"
"1208","0.94","2016-07-27","2016-06-29","586","5"
"1209","0.59","2016-11-02","2016-10-08","586","9"
"1210","0.72","2016-06-28","2016-05-30","586","10"
"1211","0.57","2016-10-04","2016-09-18","586","20"
"1212","0.31","2016-05-18","2016-05-01","588","10"
"1213","0.79","2016-09-26","2016-09-09","588","15"
"1214","0.6","2016-05-17","2016-04-30","589","3"
"1215","0.86","2016-10-03","2016-09-13","589","6"
"1216","0.47","2016-10-18","2016-10-11","590","8"
"1217","0.42","2016-06-22","2016-06-13","591","4"
"1218","0.83","2016-08-13","2016-07-29","591","7"
"1219","0.34","2016-07-23","2016-06-30","591","10"
"1220","0.82","2016-05-31","2016-05-17","592","1"
"1221","0.9","2016-11-09","2016-10-24","592","10"
"1222","0.91","2016-09-16","2016-08-31","592","13"
"1223","0.53","2016-11-01","2016-10-10","592","18"
"1224","0.89","2016-09-02","2016-08-26","593","5"
"1225","0.69","2016-11-05","2016-10-22","593","16"
"1226","0.72","2016-09-15","2016-08-20","594","7"
"1227","0.71","2016-05-16","2016-05-04","594","19"
"1228","0.31","2016-10-19","2016-09-25","595","2"
"1229","0.9","2016-05-15","2016-04-25","595","6"
"1230","0.37","2016-10-18","2016-09-19","595","21"
"1231","0.57","2016-09-26","2016-09-16","596","10"
"1232","0.46","2016-10-11","2016-09-14","597","10"
"1233","0.72","2016-05-27","2016-05-19","598","1"
"1234","0.4","2016-09-09","2016-08-13","599","14"
"1235","0.41","2016-07-24","2016-07-07","600","4"
"1236","0.58","2016-09-18","2016-09-05","600","17"
"1237","0.64","2016-08-12","2016-07-31","601","7"
"1238","0.82","2016-11-22","2016-10-26","602","7"
"1239","0.81","2016-09-28","2016-08-31","602","15"
"1240","0.43","2016-11-13","2016-10-21","603","4"
"1241","0.63","2016-05-14","2016-04-19","603","9"
"1242","0.31","2016-06-12","2016-06-05","603","18"
"1243","0.94","2016-11-13","2016-10-26","604","11"
"1244","0.35","2016-06-09","2016-05-30","604","13"
"1245","0.69","2016-10-13","2016-09-28","604","14"
"1246","0.57","2016-07-23","2016-07-05","604","17"
"1247","0.83","2016-11-15","2016-10-23","605","7"
"1248","0.89","2016-08-29","2016-08-15","606","17"
"1249","0.78","2016-10-05","2016-09-09","607","16"
"1250","0.85","2016-07-03","2016-06-10","608","6"
"1251","0.54","2016-07-13","2016-06-20","609","11"
"1252","0.39","2016-07-03","2016-06-07","609","13"
"1253","0.38","2016-06-02","2016-05-08","609","14"
"1254","0.66","2016-06-25","2016-06-03","610","21"
"1255","0.42","2016-10-30","2016-10-17","611","9"
"1256","0.67","2016-09-13","2016-08-19","611","12"
"1257","0.47","2016-06-12","2016-05-26","611","14"
"1258","0.91","2016-08-31","2016-08-03","612","3"
"1259","0.44","2016-06-01","2016-05-14","612","19"
"1260","0.39","2016-05-08","2016-04-20","613","5"
"1261","0.73","2016-09-04","2016-08-13","613","11"
"1262","0.46","2016-06-22","2016-05-24","613","15"
"1263","0.89","2016-07-28","2016-07-19","614","2"
"1264","0.3","2016-08-23","2016-08-15","614","12"
"1265","0.7","2016-07-20","2016-07-09","614","19"
"1266","0.84","2016-10-29","2016-10-18","616","17"
"1267","0.6","2016-06-21","2016-05-29","617","2"
"1268","0.63","2016-06-26","2016-06-12","617","8"
"1269","0.36","2016-05-12","2016-05-03","617","11"
"1270","0.6","2016-06-21","2016-06-07","617","20"
"1271","0.59","2016-05-20","2016-05-05","618","4"
"1272","0.55","2016-11-11","2016-10-27","618","18"
"1273","0.79","2016-06-26","2016-06-09","618","19"
"1274","0.43","2016-06-26","2016-06-06","619","16"
"1275","0.5","2016-10-04","2016-09-17","620","3"
"1276","0.92","2016-08-16","2016-08-08","620","12"
"1277","0.5","2016-08-03","2016-07-11","620","17"
"1278","0.63","2016-05-18","2016-04-20","620","19"
"1279","0.43","2016-10-09","2016-09-23","621","4"
"1280","0.52","2016-09-28","2016-08-31","621","6"
"1281","0.63","2016-05-01","2016-04-17","622","12"
"1282","0.81","2016-04-25","2016-04-15","622","19"
"1283","0.91","2016-06-01","2016-05-17","623","2"
"1284","0.38","2016-05-10","2016-04-19","623","14"
"1285","0.55","2016-07-08","2016-06-16","623","15"
"1286","0.88","2016-09-28","2016-09-01","624","3"
"1287","0.54","2016-06-22","2016-06-07","624","7"
"1288","0.47","2016-07-20","2016-07-02","624","9"
"1289","0.85","2016-09-29","2016-09-10","624","19"
"1290","0.89","2016-09-13","2016-09-01","625","5"
"1291","0.75","2016-09-25","2016-09-01","625","14"
"1292","0.51","2016-10-15","2016-10-05","625","20"
"1293","0.7","2016-09-07","2016-08-16","626","1"
"1294","0.4","2016-10-24","2016-10-04","627","3"
"1295","0.49","2016-07-09","2016-06-25","628","5"
"1296","0.91","2016-05-23","2016-04-27","628","15"
"1297","0.89","2016-06-18","2016-06-04","628","17"
"1298","0.33","2016-10-09","2016-09-10","629","6"
"1299","0.35","2016-05-14","2016-04-27","629","11"
"1300","0.6","2016-05-06","2016-04-14","630","9"
"1301","0.85","2016-09-26","2016-09-05","630","15"
"1302","0.87","2016-05-10","2016-05-03","630","16"
"1303","0.55","2016-05-24","2016-05-11","630","20"
"1304","0.92","2016-05-19","2016-05-05","631","6"
"1305","0.59","2016-09-11","2016-08-23","632","7"
"1306","0.93","2016-09-03","2016-08-27","632","20"
"1307","0.62","2016-09-27","2016-09-16","633","7"
"1308","0.51","2016-09-05","2016-08-25","634","14"
"1309","0.52","2016-09-27","2016-09-11","635","2"
"1310","0.58","2016-05-16","2016-04-20","635","6"
"1311","0.35","2016-06-29","2016-06-02","635","8"
"1312","0.53","2016-09-23","2016-08-25","635","14"
"1313","0.51","2016-06-23","2016-06-16","636","4"
"1314","0.81","2016-09-19","2016-08-22","637","13"
"1315","0.38","2016-10-20","2016-10-09","637","18"
"1316","0.76","2016-10-01","2016-09-11","638","17"
"1317","0.69","2016-10-24","2016-10-16","639","3"
"1318","0.57","2016-09-11","2016-09-01","639","8"
"1319","0.4","2016-07-16","2016-06-23","640","6"
"1320","0.32","2016-05-17","2016-05-07","640","12"
"1321","0.83","2016-08-03","2016-07-21","640","13"
"1322","0.31","2016-07-07","2016-06-25","641","21"
"1323","0.66","2016-07-10","2016-06-21","642","1"
"1324","0.65","2016-07-26","2016-07-05","642","8"
"1325","0.45","2016-10-23","2016-10-11","642","19"
"1326","0.76","2016-10-22","2016-09-24","643","8"
"1327","0.64","2016-07-08","2016-06-22","644","9"
"1328","0.65","2016-07-16","2016-07-04","644","11"
"1329","0.5","2016-07-04","2016-06-06","644","18"
"1330","0.48","2016-06-18","2016-06-01","645","8"
"1331","0.37","2016-11-13","2016-10-22","646","14"
"1332","0.34","2016-09-04","2016-08-14","646","17"
"1333","0.62","2016-09-27","2016-09-09","647","10"
"1334","0.44","2016-08-16","2016-07-22","647","11"
"1335","0.78","2016-09-03","2016-08-05","647","21"
"1336","0.88","2016-10-28","2016-10-21","648","15"
"1337","0.83","2016-05-17","2016-05-01","648","21"
"1338","0.55","2016-06-16","2016-05-20","650","11"
"1339","0.57","2016-05-27","2016-05-19","650","20"
"1340","0.67","2016-10-09","2016-09-28","651","14"
"1341","0.43","2016-06-10","2016-05-31","651","20"
"1342","0.86","2016-07-02","2016-06-04","652","8"
"1343","0.58","2016-11-15","2016-10-17","652","10"
"1344","0.72","2016-08-26","2016-08-17","653","2"
"1345","0.51","2016-07-26","2016-07-18","653","8"
"1346","0.58","2016-08-11","2016-07-16","653","14"
"1347","0.75","2016-07-10","2016-06-27","654","15"
"1348","0.54","2016-06-19","2016-06-09","655","11"
"1349","0.35","2016-08-20","2016-08-08","656","11"
"1350","0.36","2016-09-18","2016-09-09","656","18"
"1351","0.57","2016-10-16","2016-10-03","657","5"
"1352","0.79","2016-09-03","2016-08-05","657","6"
"1353","0.81","2016-09-05","2016-08-18","657","19"
"1354","0.58","2016-06-22","2016-05-31","658","4"
"1355","0.97","2016-06-27","2016-06-16","658","5"
"1356","0.84","2016-10-18","2016-10-04","659","6"
"1357","0.35","2016-08-13","2016-07-25","659","20"
"1358","0.92","2016-06-14","2016-05-23","660","1"
"1359","0.32","2016-07-20","2016-06-26","660","6"
"1360","0.34","2016-08-11","2016-07-21","661","4"
"1361","0.88","2016-06-13","2016-05-21","662","5"
"1362","0.57","2016-09-29","2016-09-14","663","19"
"1363","0.39","2016-09-19","2016-08-26","664","3"
"1364","0.73","2016-10-01","2016-09-19","664","5"
"1365","0.63","2016-06-09","2016-06-01","664","6"
"1366","0.52","2016-08-03","2016-07-15","664","17"
"1367","0.37","2016-10-06","2016-09-21","665","5"
"1368","0.47","2016-09-24","2016-09-04","666","4"
"1369","0.34","2016-11-12","2016-10-25","666","15"
"1370","0.58","2016-09-17","2016-08-21","666","17"
"1371","0.44","2016-09-01","2016-08-17","667","2"
"1372","0.97","2016-11-14","2016-10-18","667","3"
"1373","0.73","2016-05-25","2016-05-12","667","10"
"1374","0.74","2016-06-19","2016-06-01","668","1"
"1375","0.33","2016-10-30","2016-10-01","668","4"
"1376","0.45","2016-07-04","2016-06-25","668","5"
"1377","0.48","2016-06-20","2016-06-03","668","7"
"1378","0.94","2016-10-09","2016-09-28","668","10"
"1379","0.33","2016-05-23","2016-05-13","668","19"
"1380","0.56","2016-08-01","2016-07-25","668","20"
"1381","0.88","2016-11-20","2016-10-28","668","21"
"1382","0.79","2016-06-21","2016-06-03","669","2"
"1383","0.81","2016-11-09","2016-10-22","669","4"
"1384","0.79","2016-05-24","2016-05-07","669","21"
"1385","0.39","2016-06-20","2016-05-24","670","3"
"1386","0.34","2016-08-31","2016-08-17","670","5"
"1387","0.78","2016-11-04","2016-10-06","670","13"
"1388","0.79","2016-07-11","2016-06-12","671","15"
"1389","0.56","2016-10-16","2016-09-24","672","10"
"1390","0.32","2016-05-15","2016-05-03","674","12"
"1391","0.35","2016-10-25","2016-10-04","674","16"
"1392","0.66","2016-05-16","2016-04-28","675","4"
"1393","0.76","2016-05-21","2016-04-28","675","5"
"1394","0.97","2016-06-18","2016-05-29","675","20"
"1395","0.35","2016-05-19","2016-05-09","676","9"
"1396","0.73","2016-10-21","2016-09-25","676","10"
"1397","0.4","2016-06-26","2016-06-01","676","21"
"1398","0.8","2016-08-19","2016-07-26","677","15"
"1399","0.39","2016-09-29","2016-09-10","678","3"
"1400","0.74","2016-06-20","2016-05-27","678","17"
"1401","0.86","2016-08-04","2016-07-21","680","2"
"1402","0.8","2016-07-17","2016-06-19","680","6"
"1403","0.48","2016-05-10","2016-04-23","680","8"
"1404","0.43","2016-06-11","2016-05-24","680","12"
"1405","0.37","2016-08-05","2016-07-10","682","20"
"1406","0.87","2016-06-21","2016-06-14","682","21"
"1407","0.57","2016-05-12","2016-04-18","684","4"
"1408","0.96","2016-07-20","2016-07-02","685","3"
"1409","0.96","2016-09-05","2016-08-11","685","7"
"1410","0.72","2016-09-17","2016-08-26","686","1"
"1411","0.89","2016-09-13","2016-08-27","686","10"
"1412","0.33","2016-10-13","2016-09-24","686","13"
"1413","0.95","2016-05-20","2016-04-28","686","17"
"1414","0.75","2016-05-25","2016-05-11","686","20"
"1415","0.79","2016-07-19","2016-06-20","686","21"
"1416","0.68","2016-06-09","2016-05-23","687","4"
"1417","0.78","2016-07-23","2016-06-29","687","14"
"1418","0.38","2016-07-05","2016-06-17","688","15"
"1419","0.65","2016-07-12","2016-06-20","689","6"
"1420","0.59","2016-05-04","2016-04-20","690","5"
"1421","0.96","2016-10-17","2016-10-01","690","17"
"1422","0.34","2016-10-07","2016-09-20","691","2"
"1423","0.8","2016-11-08","2016-10-26","691","21"
"1424","0.8","2016-05-14","2016-04-24","692","2"
"1425","0.8","2016-09-21","2016-08-25","693","1"
"1426","0.68","2016-09-23","2016-09-07","693","11"
"1427","0.98","2016-10-21","2016-10-05","693","13"
"1428","0.44","2016-10-12","2016-10-04","693","15"
"1429","0.97","2016-07-31","2016-07-06","693","19"
"1430","0.67","2016-08-20","2016-08-13","694","12"
"1431","0.42","2016-09-13","2016-08-24","696","2"
"1432","0.46","2016-08-29","2016-08-01","696","10"
"1433","0.9","2016-08-17","2016-07-20","696","12"
"1434","0.71","2016-05-27","2016-05-01","696","19"
"1435","0.31","2016-09-24","2016-09-17","697","1"
"1436","0.68","2016-06-04","2016-05-17","697","13"
"1437","0.72","2016-10-08","2016-09-20","698","5"
"1438","0.34","2016-05-06","2016-04-19","699","10"
"1439","0.62","2016-05-13","2016-04-22","699","12"
"1440","0.95","2016-08-21","2016-07-30","699","21"
"1441","0.36","2016-07-01","2016-06-02","700","6"
"1442","0.97","2016-10-12","2016-09-19","700","21"
"1443","0.52","2016-11-09","2016-10-19","701","5"
"1444","0.43","2016-05-13","2016-04-26","701","7"
"1445","0.86","2016-10-27","2016-10-15","701","13"
"1446","0.67","2016-10-22","2016-09-24","701","17"
"1447","0.42","2016-05-07","2016-04-21","702","1"
"1448","0.35","2016-06-15","2016-05-19","702","3"
"1449","0.34","2016-05-19","2016-05-09","702","4"
"1450","0.37","2016-08-13","2016-08-05","702","9"
"1451","0.67","2016-09-23","2016-08-30","703","2"
"1452","0.4","2016-06-13","2016-06-02","703","4"
"1453","0.81","2016-08-29","2016-07-31","703","8"
"1454","0.54","2016-09-10","2016-09-03","703","10"
"1455","0.5","2016-05-28","2016-05-01","703","20"
"1456","0.81","2016-11-10","2016-10-12","703","21"
"1457","0.32","2016-09-16","2016-08-28","704","19"
"1458","0.62","2016-05-19","2016-04-27","705","5"
"1459","0.48","2016-10-02","2016-09-06","705","15"
"1460","0.47","2016-08-10","2016-07-20","705","16"
"1461","0.59","2016-08-28","2016-08-19","706","17"
"1462","0.33","2016-10-16","2016-09-26","706","21"
"1463","0.51","2016-10-24","2016-09-28","708","2"
"1464","0.81","2016-08-10","2016-08-03","708","18"
"1465","0.31","2016-07-06","2016-06-27","708","20"
"1466","0.55","2016-05-11","2016-04-23","709","5"
"1467","0.67","2016-11-05","2016-10-18","709","16"
"1468","0.77","2016-06-12","2016-06-05","710","13"
"1469","0.89","2016-05-09","2016-04-19","710","15"
"1470","0.53","2016-08-20","2016-07-22","711","10"
"1471","0.93","2016-09-10","2016-08-13","711","13"
"1472","0.53","2016-07-26","2016-07-16","712","20"
"1473","0.54","2016-08-29","2016-08-21","713","5"
"1474","0.72","2016-10-26","2016-10-12","713","7"
"1475","0.36","2016-07-01","2016-06-13","714","1"
"1476","0.74","2016-10-02","2016-09-14","714","4"
"1477","0.78","2016-09-26","2016-09-04","714","6"
"1478","0.49","2016-11-14","2016-10-21","715","10"
"1479","0.64","2016-05-20","2016-04-22","716","5"
"1480","0.64","2016-05-18","2016-04-20","716","15"
"1481","0.75","2016-06-07","2016-05-31","717","8"
"1482","0.65","2016-07-28","2016-07-01","717","10"
"1483","0.76","2016-08-05","2016-07-16","717","15"
"1484","0.63","2016-11-09","2016-10-17","717","16"
"1485","0.89","2016-07-15","2016-06-22","717","19"
"1486","0.79","2016-10-24","2016-10-07","717","21"
"1487","0.51","2016-09-24","2016-09-01","718","2"
"1488","0.35","2016-06-16","2016-05-27","718","4"
"1489","0.55","2016-07-11","2016-07-03","718","17"
"1490","0.52","2016-04-23","2016-04-15","719","3"
"1491","0.83","2016-11-03","2016-10-05","719","4"
"1492","0.6","2016-07-04","2016-06-23","719","9"
"1493","0.91","2016-06-14","2016-06-04","720","5"
"1494","0.64","2016-09-20","2016-09-02","721","1"
"1495","0.51","2016-10-25","2016-10-14","721","8"
"1496","0.32","2016-06-20","2016-06-07","721","18"
"1497","0.91","2016-10-08","2016-09-23","722","3"
"1498","0.7","2016-10-17","2016-10-10","722","8"
"1499","0.98","2016-09-09","2016-08-17","722","16"
"1500","0.43","2016-10-24","2016-10-15","722","17"
"1501","0.77","2016-10-08","2016-09-10","723","1"
"1502","0.84","2016-06-05","2016-05-17","723","7"
"1503","0.71","2016-07-21","2016-07-10","723","12"
"1504","0.68","2016-04-28","2016-04-21","724","14"
"1505","0.71","2016-04-30","2016-04-17","724","17"
"1506","0.71","2016-05-16","2016-04-30","724","20"
"1507","0.57","2016-07-11","2016-06-18","725","17"
"1508","0.69","2016-06-29","2016-06-17","725","19"
"1509","0.55","2016-08-09","2016-07-29","725","20"
"1510","0.98","2016-09-19","2016-09-01","727","1"
"1511","0.47","2016-09-06","2016-08-30","727","4"
"1512","0.36","2016-08-02","2016-07-20","727","8"
"1513","0.52","2016-06-03","2016-05-25","729","1"
"1514","0.74","2016-05-02","2016-04-25","729","11"
"1515","0.39","2016-10-11","2016-09-22","729","13"
"1516","0.58","2016-06-25","2016-06-14","730","7"
"1517","0.6","2016-05-15","2016-05-08","731","17"
"1518","0.37","2016-05-07","2016-04-24","732","7"
"1519","0.37","2016-07-21","2016-07-10","732","10"
"1520","0.88","2016-09-22","2016-09-12","732","12"
"1521","0.58","2016-09-07","2016-08-12","732","13"
"1522","0.7","2016-08-01","2016-07-14","732","18"
"1523","0.88","2016-10-29","2016-10-14","733","3"
"1524","0.63","2016-05-05","2016-04-19","733","4"
"1525","0.38","2016-04-27","2016-04-13","733","10"
"1526","0.89","2016-11-12","2016-10-16","733","18"
"1527","0.45","2016-07-13","2016-06-23","734","16"
"1528","0.73","2016-07-24","2016-06-29","735","1"
"1529","0.3","2016-08-18","2016-07-21","736","1"
"1530","0.65","2016-06-10","2016-05-26","736","13"
"1531","0.59","2016-08-06","2016-07-26","737","3"
"1532","0.71","2016-10-07","2016-09-19","738","14"
"1533","0.45","2016-04-25","2016-04-14","738","18"
"1534","0.73","2016-08-14","2016-08-03","738","19"
"1535","0.36","2016-08-21","2016-08-03","739","1"
"1536","0.63","2016-10-02","2016-09-14","739","6"
"1537","0.68","2016-06-09","2016-05-18","739","7"
"1538","0.38","2016-05-15","2016-05-02","740","9"
"1539","0.78","2016-09-18","2016-08-27","741","3"
"1540","0.46","2016-09-10","2016-08-27","741","10"
"1541","0.87","2016-10-23","2016-10-16","742","9"
"1542","0.81","2016-11-06","2016-10-28","742","17"
"1543","0.37","2016-08-19","2016-08-02","742","18"
"1544","0.63","2016-09-16","2016-08-18","743","6"
"1545","0.88","2016-09-07","2016-08-29","744","6"
"1546","0.37","2016-08-03","2016-07-18","744","21"
"1547","0.92","2016-04-26","2016-04-14","747","14"
"1548","0.64","2016-10-22","2016-10-04","747","19"
"1549","0.3","2016-10-30","2016-10-17","748","4"
"1550","0.37","2016-07-30","2016-07-21","748","12"
"1551","0.77","2016-08-23","2016-08-08","748","14"
"1552","0.41","2016-09-26","2016-09-03","748","16"
"1553","0.54","2016-09-07","2016-08-23","749","8"
"1554","0.36","2016-08-25","2016-08-13","749","14"
"1555","0.92","2016-09-29","2016-09-12","749","21"
"1556","0.7","2016-07-23","2016-07-04","750","2"
"1557","0.45","2016-07-20","2016-07-05","750","15"
"1558","0.32","2016-10-17","2016-09-19","750","18"
"1559","0.76","2016-10-14","2016-09-25","751","16"
"1560","0.61","2016-10-09","2016-09-12","752","2"
"1561","0.87","2016-08-20","2016-07-31","752","7"
"1562","0.37","2016-05-01","2016-04-17","753","11"
"1563","0.9","2016-06-11","2016-05-27","753","20"
"1564","0.33","2016-05-25","2016-05-18","754","2"
"1565","0.87","2016-10-24","2016-10-01","754","4"
"1566","0.79","2016-05-18","2016-05-07","755","9"
"1567","0.5","2016-11-02","2016-10-23","755","12"
"1568","0.71","2016-09-23","2016-09-13","755","18"
"1569","0.58","2016-05-16","2016-04-25","757","15"
"1570","0.34","2016-06-12","2016-05-21","757","18"
"1571","0.73","2016-05-05","2016-04-26","758","1"
"1572","0.6","2016-09-27","2016-08-30","758","7"
"1573","0.47","2016-10-15","2016-09-25","758","18"
"1574","0.52","2016-07-07","2016-06-21","759","3"
"1575","0.68","2016-09-27","2016-09-09","759","4"
"1576","0.69","2016-09-20","2016-09-03","759","11"
"1577","0.95","2016-05-27","2016-05-12","759","20"
"1578","0.4","2016-10-17","2016-09-23","759","21"
"1579","0.44","2016-08-08","2016-07-26","760","14"
"1580","0.81","2016-10-07","2016-09-23","760","17"
"1581","0.32","2016-06-27","2016-06-19","760","20"
"1582","0.53","2016-06-14","2016-06-07","761","10"
"1583","0.9","2016-08-07","2016-07-19","761","13"
"1584","0.91","2016-07-10","2016-06-29","761","20"
"1585","0.78","2016-09-14","2016-08-31","762","4"
"1586","0.93","2016-10-24","2016-10-07","763","21"
"1587","0.75","2016-10-08","2016-09-19","764","6"
"1588","0.32","2016-06-10","2016-05-16","764","8"
"1589","0.57","2016-05-27","2016-05-17","764","14"
"1590","0.75","2016-06-08","2016-05-28","764","16"
"1591","0.46","2016-10-02","2016-09-10","765","11"
"1592","0.33","2016-08-27","2016-08-19","765","14"
"1593","0.51","2016-10-20","2016-09-27","766","19"
"1594","0.35","2016-05-11","2016-04-19","767","12"
"1595","0.51","2016-09-07","2016-08-21","767","20"
"1596","0.53","2016-07-26","2016-07-13","768","7"
"1597","0.76","2016-07-17","2016-07-05","768","21"
"1598","0.41","2016-10-24","2016-10-05","769","1"
"1599","0.89","2016-08-09","2016-07-29","769","6"
"1600","0.33","2016-11-03","2016-10-19","769","9"
"1601","0.88","2016-07-28","2016-07-17","769","12"
"1602","0.38","2016-10-14","2016-09-28","769","16"
"1603","0.97","2016-11-06","2016-10-26","770","1"
"1604","0.97","2016-11-02","2016-10-05","770","6"
"1605","0.6","2016-06-15","2016-06-08","770","11"
"1606","0.62","2016-06-14","2016-06-02","771","14"
"1607","0.65","2016-07-15","2016-06-30","772","6"
"1608","0.82","2016-06-24","2016-06-06","772","19"
"1609","0.94","2016-08-29","2016-08-08","772","20"
"1610","0.9","2016-09-19","2016-08-24","773","14"
"1611","0.8","2016-09-09","2016-08-13","773","17"
"1612","0.59","2016-10-27","2016-10-07","774","2"
"1613","0.77","2016-11-02","2016-10-21","774","4"
"1614","0.73","2016-06-13","2016-06-02","774","5"
"1615","0.34","2016-06-14","2016-05-26","774","14"
"1616","0.48","2016-06-20","2016-06-12","774","17"
"1617","0.46","2016-05-15","2016-05-05","775","19"
"1618","0.93","2016-06-27","2016-06-13","777","7"
"1619","0.92","2016-07-04","2016-06-27","777","15"
"1620","0.46","2016-07-24","2016-07-03","778","21"
"1621","0.98","2016-09-29","2016-09-22","779","12"
"1622","0.93","2016-11-14","2016-10-28","779","17"
"1623","0.73","2016-11-05","2016-10-17","780","5"
"1624","0.87","2016-08-08","2016-07-12","780","9"
"1625","0.39","2016-05-28","2016-05-12","783","5"
"1626","0.41","2016-05-10","2016-04-29","783","12"
"1627","0.46","2016-06-16","2016-05-22","783","14"
"1628","0.49","2016-06-02","2016-05-08","784","10"
"1629","0.76","2016-07-23","2016-07-08","785","2"
"1630","0.7","2016-07-21","2016-07-02","785","18"
"1631","0.52","2016-08-29","2016-08-06","786","17"
"1632","0.88","2016-08-22","2016-08-11","786","18"
"1633","0.41","2016-06-19","2016-06-07","786","19"
"1634","0.64","2016-10-25","2016-10-01","789","3"
"1635","0.72","2016-08-10","2016-07-13","789","14"
"1636","0.56","2016-06-16","2016-05-24","789","15"
"1637","0.92","2016-10-25","2016-10-16","789","20"
"1638","0.46","2016-11-10","2016-10-28","790","9"
"1639","0.57","2016-05-12","2016-04-14","790","10"
"1640","0.78","2016-10-18","2016-10-03","790","17"
"1641","0.69","2016-10-18","2016-09-27","792","9"
"1642","0.73","2016-07-12","2016-06-24","792","16"
"1643","0.81","2016-09-27","2016-09-09","793","14"
"1644","0.46","2016-08-18","2016-07-26","794","2"
"1645","0.84","2016-07-14","2016-07-03","794","8"
"1646","0.37","2016-09-22","2016-09-07","794","21"
"1647","0.85","2016-06-20","2016-06-06","795","6"
"1648","0.88","2016-10-13","2016-09-15","795","12"
"1649","0.67","2016-05-11","2016-04-24","795","16"
"1650","0.97","2016-06-21","2016-05-24","795","20"
"1651","0.83","2016-11-05","2016-10-11","796","6"
"1652","0.96","2016-07-14","2016-07-01","797","1"
"1653","0.85","2016-07-19","2016-07-05","797","13"
"1654","0.38","2016-05-10","2016-04-18","798","8"
"1655","0.96","2016-06-28","2016-06-03","798","13"
"1656","0.79","2016-08-17","2016-07-22","798","18"
